ReviewID,CustomerID,ProductID,ReviewDate,Rating,ReviewText,SentimentCategory,IssueCategory
1,245,3,06-10-2024,1,I had a bad experience with this product.,Negative,Product Performance
2,94,17,31-01-2023,1,Not worth the money.,Negative,Product Cost
3,212,3,07-11-2024,2,Disappointed with the performance.,Negative,Product Performance
4,19,16,28-09-2023,3,"Good quality, but could be cheaper.",Mixed Negative,Product Cost
5,202,14,10-09-2024,1,Not worth the money.,Negative,Product Cost
6,255,9,30-04-2024,4,Five stars for the quick delivery.,Positive,None
7,47,15,03-05-2023,1,Not worth the money.,Negative,Product Cost
8,88,10,24-08-2023,3,"Average experience, nothing special.",Mixed Negative,Unmet Expectations
9,200,14,27-05-2024,1,I had a bad experience with this product.,Negative,Product Performance
10,126,2,12-08-2023,4,Five stars for the quick delivery.,Positive,None
11,179,7,01-02-2024,2,Disappointed with the performance.,Negative,Product Performance
12,191,5,07-01-2024,3,"Average experience, nothing special.",Mixed Negative,Unmet Expectations
13,273,15,24-01-2024,2,Product did not meet my expectations.,Negative,Unmet Expectations
14,106,11,11-01-2023,2,Product did not meet my expectations.,Negative,Unmet Expectations
15,287,3,26-02-2023,1,I had a bad experience with this product.,Negative,Product Performance
16,256,6,19-06-2024,1,The product stopped working after a month.,Negative,Durability
17,115,20,01-11-2023,1,Not worth the money.,Negative,Product Cost
18,237,13,02-10-2023,1,The product stopped working after a month.,Negative,Durability
19,213,3,07-07-2023,1,I had a bad experience with this product.,Negative,Product Performance
20,194,3,24-09-2023,2,Disappointed with the performance.,Negative,Product Performance
21,105,13,17-11-2024,4,"Great purchase, very satisfied.",Positive,None
22,55,19,09-02-2024,4,Five stars for the quick delivery.,Positive,None
23,226,11,08-02-2024,1,The product stopped working after a month.,Negative,Durability
24,153,9,17-08-2023,2,Disappointed with the performance.,Negative,Product Performance
25,20,19,23-11-2023,5,"Excellent product, highly recommend!",Positive,None
26,173,13,15-02-2024,4,"Great purchase, very satisfied.",Positive,None
27,9,2,29-10-2024,3,"Good quality, but could be cheaper.",Mixed Negative,Product Cost
28,103,13,29-05-2023,1,The product stopped working after a month.,Negative,Durability
29,61,2,03-01-2024,1,I had a bad experience with this product.,Negative,Product Performance
30,40,13,23-09-2023,5,The quality is top-notch. Fits perfectly!,Positive,None
31,229,17,18-04-2024,1,The product stopped working after a month.,Negative,Durability
32,29,10,28-05-2024,5,"Excellent product, highly recommend!",Positive,None
33,47,7,31-10-2024,3,"Average experience, nothing special.",Mixed Negative,Unmet Expectations
34,101,16,08-10-2024,1,I had a bad experience with this product.,Negative,Product Performance
35,127,20,01-03-2024,3,"Average experience, nothing special.",Mixed Negative,Unmet Expectations
36,82,16,05-10-2024,4,Five stars for the quick delivery.,Positive,None
37,163,19,11-07-2024,3,"Good quality, but could be cheaper.",Mixed Negative,Product Cost
38,226,15,25-04-2024,1,The product stopped working after a month.,Negative,Durability
39,32,11,05-01-2024,4,Shipping was fast and the item was well-packaged.,Positive,None
40,265,19,21-08-2024,1,The product stopped working after a month.,Negative,Durability
41,19,16,02-04-2023,4,Five stars for the quick delivery.,Positive,None
42,197,20,07-09-2024,5,"Excellent product, highly recommend!",Positive,None
43,167,10,21-12-2024,2,The product arrived late.,Negative,Delivery
44,94,16,10-01-2023,5,The quality is top-notch. Fits perfectly!,Positive,None
45,66,19,11-09-2023,4,"Great purchase, very satisfied.",Positive,None
46,54,7,12-05-2023,3,"Good quality, but could be cheaper.",Mixed Negative,Product Cost
47,261,19,19-07-2023,2,Product did not meet my expectations.,Negative,Unmet Expectations
48,135,14,21-01-2023,4,Five stars for the quick delivery.,Positive,None
49,33,8,20-03-2024,1,Not worth the money.,Negative,Product Cost
50,280,18,22-10-2023,5,"Excellent product, highly recommend!",Positive,None
51,185,16,08-05-2024,5,"Excellent product, highly recommend!",Positive,None
52,70,20,11-03-2023,2,The product arrived late.,Negative,Delivery
53,137,6,18-12-2024,1,I had a bad experience with this product.,Negative,Product Performance
54,192,3,27-08-2024,3,"Average experience, nothing special.",Mixed Negative,Unmet Expectations
55,212,3,29-04-2024,3,"Good quality, but could be cheaper.",Mixed Negative,Product Cost
56,187,11,25-07-2024,2,Disappointed with the performance.,Negative,Product Performance
57,81,5,14-08-2023,1,The product stopped working after a month.,Negative,Durability
58,189,12,13-05-2023,1,The product stopped working after a month.,Negative,Durability
59,280,11,23-07-2024,2,Product did not meet my expectations.,Negative,Unmet Expectations
60,14,14,19-07-2023,5,The quality is top-notch. Fits perfectly!,Positive,None
61,78,5,14-07-2024,1,Not worth the money.,Negative,Product Cost
62,91,20,17-08-2023,1,Not worth the money.,Negative,Product Cost
63,121,12,28-05-2023,2,The product arrived late.,Negative,Delivery
64,225,17,19-09-2024,2,Product did not meet my expectations.,Negative,Unmet Expectations
65,54,12,18-07-2023,3,"Average experience, nothing special.",Mixed Negative,Unmet Expectations
66,210,10,11-05-2024,4,Five stars for the quick delivery.,Positive,None
67,211,17,11-11-2024,4,Shipping was fast and the item was well-packaged.,Positive,None
68,256,9,27-02-2024,4,Shipping was fast and the item was well-packaged.,Positive,None
69,185,11,04-02-2023,2,Product did not meet my expectations.,Negative,Unmet Expectations
70,78,17,09-09-2023,5,"Excellent product, highly recommend!",Positive,None
71,6,4,17-07-2024,3,"Average experience, nothing special.",Mixed Negative,Unmet Expectations
72,26,17,13-07-2024,5,The quality is top-notch. Fits perfectly!,Positive,None
73,277,16,20-11-2023,3,"Good quality, but could be cheaper.",Mixed Negative,Product Cost
74,159,12,27-01-2023,1,The product stopped working after a month.,Negative,Durability
75,174,18,24-04-2023,1,I had a bad experience with this product.,Negative,Product Performance
76,7,11,26-06-2024,5,The quality is top-notch. Fits perfectly!,Positive,None
77,56,1,29-07-2024,1,I had a bad experience with this product.,Negative,Product Performance
78,285,14,13-05-2024,2,Disappointed with the performance.,Negative,Product Performance
79,252,9,17-09-2023,2,Product did not meet my expectations.,Negative,Unmet Expectations
80,223,3,25-08-2024,4,"Great purchase, very satisfied.",Positive,None
81,229,18,15-07-2024,3,"Good quality, but could be cheaper.",Mixed Negative,Product Cost
82,193,7,29-01-2024,1,Not worth the money.,Negative,Product Cost
83,152,13,05-12-2023,4,"Great purchase, very satisfied.",Positive,None
84,113,8,04-11-2023,2,Product did not meet my expectations.,Negative,Unmet Expectations
85,227,9,10-08-2024,3,"Good quality, but could be cheaper.",Mixed Negative,Product Cost
86,118,7,06-05-2024,2,Disappointed with the performance.,Negative,Product Performance
87,76,5,10-12-2024,3,"Good quality, but could be cheaper.",Mixed Negative,Product Cost
88,88,17,28-04-2023,2,Disappointed with the performance.,Negative,Product Performance
89,39,12,01-01-2023,4,Five stars for the quick delivery.,Positive,None
90,112,16,25-10-2023,4,"Great purchase, very satisfied.",Positive,None
91,282,16,08-09-2023,4,Shipping was fast and the item was well-packaged.,Positive,None
92,161,2,27-11-2023,4,Five stars for the quick delivery.,Positive,None
93,60,20,24-10-2023,5,The quality is top-notch. Fits perfectly!,Positive,None
94,164,1,16-09-2023,2,Product did not meet my expectations.,Negative,Unmet Expectations
95,67,14,28-01-2023,2,Disappointed with the performance.,Negative,Product Performance
96,245,19,13-03-2024,4,Five stars for the quick delivery.,Positive,None
97,39,9,30-12-2023,2,Disappointed with the performance.,Negative,Product Performance
98,250,15,30-08-2023,3,"Good quality, but could be cheaper.",Mixed Negative,Product Cost
99,194,1,08-08-2024,2,The product arrived late.,Negative,Delivery
100,163,19,28-04-2023,2,Disappointed with the performance.,Negative,Product Performance
101,286,3,25-03-2024,1,Not worth the money.,Negative,Product Cost
102,153,16,26-08-2023,3,"Good quality, but could be cheaper.",Mixed Negative,Product Cost
103,224,12,29-07-2023,2,Disappointed with the performance.,Negative,Product Performance
104,226,17,23-06-2024,3,"Average experience, nothing special.",Mixed Negative,Unmet Expectations
105,269,15,03-11-2023,2,The product arrived late.,Negative,Delivery
106,178,12,08-04-2024,5,"Excellent product, highly recommend!",Positive,None
107,126,4,08-10-2024,2,Disappointed with the performance.,Negative,Product Performance
108,275,9,26-09-2023,4,Shipping was fast and the item was well-packaged.,Positive,None
109,200,3,21-03-2024,4,"Great purchase, very satisfied.",Positive,None
110,290,11,05-07-2023,3,"Average experience, nothing special.",Mixed Negative,Unmet Expectations
111,246,9,03-05-2024,2,Product did not meet my expectations.,Negative,Unmet Expectations
112,248,9,31-08-2023,2,Product did not meet my expectations.,Negative,Unmet Expectations
113,81,3,26-05-2023,4,"Great purchase, very satisfied.",Positive,None
114,260,9,11-06-2024,2,Product did not meet my expectations.,Negative,Unmet Expectations
115,228,12,28-01-2024,5,"Excellent product, highly recommend!",Positive,None
116,42,18,30-07-2024,2,The product arrived late.,Negative,Delivery
117,241,11,18-01-2024,2,Product did not meet my expectations.,Negative,Unmet Expectations
118,276,8,10-05-2023,1,The product stopped working after a month.,Negative,Durability
119,96,20,11-02-2023,1,I had a bad experience with this product.,Negative,Product Performance
120,15,2,28-11-2023,2,Disappointed with the performance.,Negative,Product Performance
121,7,11,21-10-2023,3,"Average experience, nothing special.",Mixed Negative,Unmet Expectations
122,59,15,24-08-2023,3,"Good quality, but could be cheaper.",Mixed Negative,Product Cost
123,165,18,09-01-2024,4,Shipping was fast and the item was well-packaged.,Positive,None
124,17,11,03-08-2024,5,"Excellent product, highly recommend!",Positive,None
125,293,8,11-10-2023,4,Shipping was fast and the item was well-packaged.,Positive,None
126,95,10,23-02-2024,4,Five stars for the quick delivery.,Positive,None
127,241,4,18-05-2023,4,"Great purchase, very satisfied.",Positive,None
128,120,8,26-02-2023,1,Not worth the money.,Negative,Product Cost
129,209,11,31-08-2023,4,"Great purchase, very satisfied.",Positive,None
130,191,7,31-12-2024,3,"Average experience, nothing special.",Mixed Negative,Unmet Expectations
131,242,11,22-08-2024,1,I had a bad experience with this product.,Negative,Product Performance
132,278,1,07-08-2024,3,"Good quality, but could be cheaper.",Mixed Negative,Product Cost
133,81,17,10-07-2023,1,The product stopped working after a month.,Negative,Durability
134,62,20,18-02-2024,5,The quality is top-notch. Fits perfectly!,Positive,None
135,269,16,27-07-2024,2,Product did not meet my expectations.,Negative,Unmet Expectations
136,167,16,31-05-2024,1,I had a bad experience with this product.,Negative,Product Performance
137,283,5,19-12-2024,1,Not worth the money.,Negative,Product Cost
138,244,7,21-04-2024,3,"Good quality, but could be cheaper.",Mixed Negative,Product Cost
139,127,2,25-08-2024,2,Product did not meet my expectations.,Negative,Unmet Expectations
140,234,8,17-08-2024,1,I had a bad experience with this product.,Negative,Product Performance
141,264,8,23-03-2024,3,"Good quality, but could be cheaper.",Mixed Negative,Product Cost
142,211,1,05-08-2024,2,Product did not meet my expectations.,Negative,Unmet Expectations
143,292,16,30-05-2024,1,Not worth the money.,Negative,Product Cost
144,167,11,12-01-2023,1,Not worth the money.,Negative,Product Cost
145,29,10,12-10-2023,3,"Average experience, nothing special.",Mixed Negative,Unmet Expectations
146,24,15,22-12-2024,4,Five stars for the quick delivery.,Positive,None
147,205,6,16-09-2024,1,The product stopped working after a month.,Negative,Durability
148,14,3,18-01-2023,2,Product did not meet my expectations.,Negative,Unmet Expectations
149,119,6,07-12-2024,4,Five stars for the quick delivery.,Positive,None
150,208,12,01-06-2023,2,Product did not meet my expectations.,Negative,Unmet Expectations
151,265,6,20-12-2023,4,Shipping was fast and the item was well-packaged.,Positive,None
152,198,8,17-01-2023,3,"Average experience, nothing special.",Mixed Negative,Unmet Expectations
153,156,3,26-12-2023,3,"Good quality, but could be cheaper.",Mixed Negative,Product Cost
154,256,4,11-03-2023,2,Product did not meet my expectations.,Negative,Unmet Expectations
155,227,11,28-07-2023,2,Disappointed with the performance.,Negative,Product Performance
156,283,15,18-06-2023,4,Shipping was fast and the item was well-packaged.,Positive,None
157,162,18,03-04-2023,1,The product stopped working after a month.,Negative,Durability
158,284,15,17-11-2024,5,The quality is top-notch. Fits perfectly!,Positive,None
159,260,17,08-11-2023,5,The quality is top-notch. Fits perfectly!,Positive,None
160,254,11,29-12-2024,3,"Average experience, nothing special.",Mixed Negative,Unmet Expectations
161,103,18,03-01-2023,3,"Average experience, nothing special.",Mixed Negative,Unmet Expectations
162,101,13,13-12-2023,2,Disappointed with the performance.,Negative,Product Performance
163,245,5,23-03-2024,2,The product arrived late.,Negative,Delivery
164,112,20,15-01-2024,5,The quality is top-notch. Fits perfectly!,Positive,None
165,233,1,24-12-2023,5,"Excellent product, highly recommend!",Positive,None
166,98,2,23-02-2024,2,Disappointed with the performance.,Negative,Product Performance
167,213,15,06-07-2023,5,"Excellent product, highly recommend!",Positive,None
168,66,18,20-04-2023,3,"Average experience, nothing special.",Mixed Negative,Unmet Expectations
169,199,18,06-09-2023,2,The product arrived late.,Negative,Delivery
170,231,1,07-07-2023,2,Product did not meet my expectations.,Negative,Unmet Expectations
171,267,11,18-08-2023,2,Product did not meet my expectations.,Negative,Unmet Expectations
172,292,18,09-06-2023,5,"Excellent product, highly recommend!",Positive,None
173,148,19,24-06-2023,4,Shipping was fast and the item was well-packaged.,Positive,None
174,44,8,29-04-2024,5,"Excellent product, highly recommend!",Positive,None
175,246,8,03-01-2023,3,"Good quality, but could be cheaper.",Mixed Negative,Product Cost
176,99,19,06-02-2023,2,The product arrived late.,Negative,Delivery
177,191,17,09-08-2023,5,The quality is top-notch. Fits perfectly!,Positive,None
178,209,18,25-09-2023,1,I had a bad experience with this product.,Negative,Product Performance
179,257,7,11-03-2024,1,Not worth the money.,Negative,Product Cost
180,265,4,09-03-2024,2,Product did not meet my expectations.,Negative,Unmet Expectations
181,83,7,02-07-2024,3,"Good quality, but could be cheaper.",Mixed Negative,Product Cost
182,218,11,13-11-2024,3,"Good quality, but could be cheaper.",Mixed Negative,Product Cost
183,24,13,01-05-2024,2,Product did not meet my expectations.,Negative,Unmet Expectations
184,191,12,31-07-2024,3,"Average experience, nothing special.",Mixed Negative,Unmet Expectations
185,230,8,01-12-2023,4,Shipping was fast and the item was well-packaged.,Positive,None
186,52,1,23-11-2023,1,The product stopped working after a month.,Negative,Durability
187,227,16,05-11-2024,4,Five stars for the quick delivery.,Positive,None
188,182,1,28-10-2023,5,The quality is top-notch. Fits perfectly!,Positive,None
189,92,11,05-12-2024,1,Not worth the money.,Negative,Product Cost
190,273,20,29-05-2024,2,The product arrived late.,Negative,Delivery
191,34,1,05-10-2024,2,The product arrived late.,Negative,Delivery
192,164,11,25-06-2024,2,Product did not meet my expectations.,Negative,Unmet Expectations
193,78,7,17-12-2023,2,Product did not meet my expectations.,Negative,Unmet Expectations
194,258,10,04-01-2024,1,Not worth the money.,Negative,Product Cost
195,242,5,17-02-2023,2,The product arrived late.,Negative,Delivery
196,11,5,23-10-2023,5,"Excellent product, highly recommend!",Positive,None
197,9,10,29-03-2023,3,"Average experience, nothing special.",Mixed Negative,Unmet Expectations
198,31,15,07-11-2023,2,Disappointed with the performance.,Negative,Product Performance
199,126,4,20-02-2024,3,"Good quality, but could be cheaper.",Mixed Negative,Product Cost
200,8,17,18-11-2024,5,"Excellent product, highly recommend!",Positive,None
201,220,4,30-03-2023,3,"Average experience, nothing special.",Mixed Negative,Unmet Expectations
202,188,13,23-03-2024,5,"Excellent product, highly recommend!",Positive,None
203,119,10,18-01-2023,1,The product stopped working after a month.,Negative,Durability
204,142,15,10-11-2024,1,I had a bad experience with this product.,Negative,Product Performance
205,183,2,13-02-2023,5,The quality is top-notch. Fits perfectly!,Positive,None
206,160,11,19-07-2024,4,Shipping was fast and the item was well-packaged.,Positive,None
207,18,18,24-08-2024,4,Five stars for the quick delivery.,Positive,None
208,67,16,24-01-2023,3,"Good quality, but could be cheaper.",Mixed Negative,Product Cost
209,293,20,29-11-2024,5,The quality is top-notch. Fits perfectly!,Positive,None
210,197,10,13-09-2024,1,Not worth the money.,Negative,Product Cost
211,158,20,05-09-2023,3,"Average experience, nothing special.",Mixed Negative,Unmet Expectations
212,224,12,13-12-2024,1,I had a bad experience with this product.,Negative,Product Performance
213,260,2,25-11-2024,4,"Great purchase, very satisfied.",Positive,None
214,202,7,29-07-2024,4,"Great purchase, very satisfied.",Positive,None
215,207,10,13-05-2024,4,Five stars for the quick delivery.,Positive,None
216,85,10,07-01-2024,3,"Average experience, nothing special.",Mixed Negative,Unmet Expectations
217,262,4,11-05-2024,5,The quality is top-notch. Fits perfectly!,Positive,None
218,269,8,30-08-2023,3,"Average experience, nothing special.",Mixed Negative,Unmet Expectations
219,34,10,20-10-2024,1,I had a bad experience with this product.,Negative,Product Performance
220,95,9,06-10-2023,1,I had a bad experience with this product.,Negative,Product Performance
221,209,13,20-12-2024,4,"Great purchase, very satisfied.",Positive,None
222,19,2,05-02-2023,4,Shipping was fast and the item was well-packaged.,Positive,None
223,183,7,28-08-2024,1,The product stopped working after a month.,Negative,Durability
224,281,1,07-10-2023,1,The product stopped working after a month.,Negative,Durability
225,282,18,03-03-2024,2,Product did not meet my expectations.,Negative,Unmet Expectations
226,85,11,17-04-2023,4,Shipping was fast and the item was well-packaged.,Positive,None
227,6,19,21-01-2024,5,"Excellent product, highly recommend!",Positive,None
228,225,2,01-08-2024,2,Disappointed with the performance.,Negative,Product Performance
229,258,15,04-08-2023,5,"Excellent product, highly recommend!",Positive,None
230,255,1,27-08-2024,2,The product arrived late.,Negative,Delivery
231,60,13,21-02-2024,2,The product arrived late.,Negative,Delivery
232,288,4,17-08-2023,5,The quality is top-notch. Fits perfectly!,Positive,None
233,118,18,29-10-2023,3,"Good quality, but could be cheaper.",Mixed Negative,Product Cost
234,56,6,16-07-2024,5,"Excellent product, highly recommend!",Positive,None
235,187,2,14-04-2023,3,"Good quality, but could be cheaper.",Mixed Negative,Product Cost
236,130,11,25-09-2023,3,"Good quality, but could be cheaper.",Mixed Negative,Product Cost
237,198,5,14-01-2024,2,Product did not meet my expectations.,Negative,Unmet Expectations
238,119,4,08-06-2023,3,"Average experience, nothing special.",Mixed Negative,Unmet Expectations
239,113,14,21-04-2023,4,Five stars for the quick delivery.,Positive,None
240,226,13,30-08-2024,2,The product arrived late.,Negative,Delivery
241,232,13,26-06-2023,1,Not worth the money.,Negative,Product Cost
242,83,19,30-12-2023,2,Product did not meet my expectations.,Negative,Unmet Expectations
243,300,10,15-05-2024,4,Shipping was fast and the item was well-packaged.,Positive,None
244,187,2,22-07-2024,5,The quality is top-notch. Fits perfectly!,Positive,None
245,289,17,23-09-2024,1,Not worth the money.,Negative,Product Cost
246,232,4,22-04-2024,4,"Great purchase, very satisfied.",Positive,None
247,113,3,11-12-2023,1,Not worth the money.,Negative,Product Cost
248,254,4,10-03-2024,5,The quality is top-notch. Fits perfectly!,Positive,None
249,143,6,27-01-2024,5,"Excellent product, highly recommend!",Positive,None
250,136,9,03-04-2024,5,"Excellent product, highly recommend!",Positive,None
251,214,11,07-02-2023,4,Shipping was fast and the item was well-packaged.,Positive,None
252,135,4,14-01-2024,4,Five stars for the quick delivery.,Positive,None
253,221,9,18-10-2023,3,"Average experience, nothing special.",Mixed Negative,Unmet Expectations
254,257,5,05-09-2024,1,Not worth the money.,Negative,Product Cost
255,213,20,20-10-2023,1,The product stopped working after a month.,Negative,Durability
256,189,9,30-03-2023,1,I had a bad experience with this product.,Negative,Product Performance
257,294,4,13-08-2023,1,The product stopped working after a month.,Negative,Durability
258,238,18,15-02-2023,4,Shipping was fast and the item was well-packaged.,Positive,None
259,260,16,14-03-2024,4,Five stars for the quick delivery.,Positive,None
260,11,20,13-07-2023,1,Not worth the money.,Negative,Product Cost
261,281,7,30-03-2024,4,"Great purchase, very satisfied.",Positive,None
262,201,11,18-06-2023,4,Shipping was fast and the item was well-packaged.,Positive,None
263,89,16,17-11-2024,3,"Good quality, but could be cheaper.",Mixed Negative,Product Cost
264,2,16,16-10-2023,1,I had a bad experience with this product.,Negative,Product Performance
265,62,10,23-03-2024,4,Shipping was fast and the item was well-packaged.,Positive,None
266,139,1,24-06-2023,3,"Good quality, but could be cheaper.",Mixed Negative,Product Cost
267,64,7,27-12-2023,4,"Great purchase, very satisfied.",Positive,None
268,145,5,30-11-2023,3,"Average experience, nothing special.",Mixed Negative,Unmet Expectations
269,175,13,30-03-2023,2,The product arrived late.,Negative,Delivery
270,102,5,16-03-2024,1,The product stopped working after a month.,Negative,Durability
271,79,3,01-08-2023,2,The product arrived late.,Negative,Delivery
272,131,4,05-12-2024,3,"Average experience, nothing special.",Mixed Negative,Unmet Expectations
273,177,3,10-01-2023,2,Disappointed with the performance.,Negative,Product Performance
274,181,9,16-05-2023,1,I had a bad experience with this product.,Negative,Product Performance
275,186,5,07-05-2024,3,"Average experience, nothing special.",Mixed Negative,Unmet Expectations
276,4,12,16-02-2024,2,The product arrived late.,Negative,Delivery
277,258,2,06-06-2024,4,Shipping was fast and the item was well-packaged.,Positive,None
278,270,6,14-12-2024,5,The quality is top-notch. Fits perfectly!,Positive,None
279,225,6,27-04-2024,5,"Excellent product, highly recommend!",Positive,None
280,78,13,12-07-2023,4,"Great purchase, very satisfied.",Positive,None
281,158,2,09-12-2024,1,I had a bad experience with this product.,Negative,Product Performance
282,95,20,05-08-2023,2,Product did not meet my expectations.,Negative,Unmet Expectations
283,272,4,12-09-2023,4,Five stars for the quick delivery.,Positive,None
284,209,16,12-06-2023,2,Product did not meet my expectations.,Negative,Unmet Expectations
285,127,8,08-06-2023,3,"Good quality, but could be cheaper.",Mixed Negative,Product Cost
286,65,15,02-04-2024,1,The product stopped working after a month.,Negative,Durability
287,220,15,26-10-2023,3,"Good quality, but could be cheaper.",Mixed Negative,Product Cost
288,172,17,04-06-2024,5,"Excellent product, highly recommend!",Positive,None
289,298,10,30-01-2024,2,The product arrived late.,Negative,Delivery
290,229,15,29-10-2023,2,Disappointed with the performance.,Negative,Product Performance
291,78,19,24-10-2023,4,Shipping was fast and the item was well-packaged.,Positive,None
292,100,3,26-07-2023,3,"Good quality, but could be cheaper.",Mixed Negative,Product Cost
293,251,12,14-10-2024,2,Product did not meet my expectations.,Negative,Unmet Expectations
294,81,13,23-02-2024,2,The product arrived late.,Negative,Delivery
295,134,20,05-01-2023,1,I had a bad experience with this product.,Negative,Product Performance
296,170,8,19-02-2024,1,I had a bad experience with this product.,Negative,Product Performance
297,217,15,23-10-2024,2,The product arrived late.,Negative,Delivery
298,108,6,02-02-2023,4,"Great purchase, very satisfied.",Positive,None
299,39,13,07-05-2023,1,The product stopped working after a month.,Negative,Durability
300,106,4,10-05-2024,2,Product did not meet my expectations.,Negative,Unmet Expectations
301,8,11,07-09-2023,4,Shipping was fast and the item was well-packaged.,Positive,None
302,22,7,21-07-2024,1,I had a bad experience with this product.,Negative,Product Performance
303,274,8,13-07-2023,4,"Great purchase, very satisfied.",Positive,None
304,53,11,11-11-2024,1,The product stopped working after a month.,Negative,Durability
305,50,17,17-01-2023,5,"Excellent product, highly recommend!",Positive,None
306,204,13,14-10-2023,2,The product arrived late.,Negative,Delivery
307,6,6,13-09-2023,3,"Good quality, but could be cheaper.",Mixed Negative,Product Cost
308,70,18,01-03-2023,5,"Excellent product, highly recommend!",Positive,None
309,114,17,25-06-2024,1,The product stopped working after a month.,Negative,Durability
310,188,7,15-03-2023,5,"Excellent product, highly recommend!",Positive,None
311,182,9,15-11-2024,4,"Great purchase, very satisfied.",Positive,None
312,289,16,11-07-2024,5,"Excellent product, highly recommend!",Positive,None
313,185,16,09-09-2023,4,Shipping was fast and the item was well-packaged.,Positive,None
314,45,11,16-08-2024,1,Not worth the money.,Negative,Product Cost
315,44,1,20-11-2024,3,"Good quality, but could be cheaper.",Mixed Negative,Product Cost
316,219,1,27-05-2024,3,"Good quality, but could be cheaper.",Mixed Negative,Product Cost
317,94,8,25-01-2024,3,"Average experience, nothing special.",Mixed Negative,Unmet Expectations
318,31,10,11-02-2024,5,The quality is top-notch. Fits perfectly!,Positive,None
319,73,14,30-10-2024,4,Five stars for the quick delivery.,Positive,None
320,74,10,21-05-2024,2,The product arrived late.,Negative,Delivery
321,68,5,11-12-2023,5,"Excellent product, highly recommend!",Positive,None
322,282,5,12-03-2024,1,I had a bad experience with this product.,Negative,Product Performance
323,51,8,12-12-2023,5,The quality is top-notch. Fits perfectly!,Positive,None
324,213,5,08-03-2023,5,The quality is top-notch. Fits perfectly!,Positive,None
325,272,10,03-02-2023,5,"Excellent product, highly recommend!",Positive,None
326,166,16,20-09-2024,2,Disappointed with the performance.,Negative,Product Performance
327,255,1,09-02-2024,4,Five stars for the quick delivery.,Positive,None
328,269,3,08-02-2023,2,Disappointed with the performance.,Negative,Product Performance
329,245,12,08-07-2023,3,"Good quality, but could be cheaper.",Mixed Negative,Product Cost
330,272,13,04-03-2024,3,"Average experience, nothing special.",Mixed Negative,Unmet Expectations
331,26,18,08-08-2023,3,"Good quality, but could be cheaper.",Mixed Negative,Product Cost
332,283,3,05-02-2024,2,The product arrived late.,Negative,Delivery
333,84,4,25-10-2023,5,The quality is top-notch. Fits perfectly!,Positive,None
334,227,8,27-04-2024,4,"Great purchase, very satisfied.",Positive,None
335,28,17,03-12-2024,2,Product did not meet my expectations.,Negative,Unmet Expectations
336,43,9,22-07-2023,2,Disappointed with the performance.,Negative,Product Performance
337,10,7,25-09-2024,5,The quality is top-notch. Fits perfectly!,Positive,None
338,80,1,23-02-2023,3,"Average experience, nothing special.",Mixed Negative,Unmet Expectations
339,201,6,12-02-2024,1,Not worth the money.,Negative,Product Cost
340,21,16,08-01-2023,1,I had a bad experience with this product.,Negative,Product Performance
341,91,10,19-05-2024,4,Shipping was fast and the item was well-packaged.,Positive,None
342,263,11,30-10-2024,2,Product did not meet my expectations.,Negative,Unmet Expectations
343,268,18,26-06-2024,2,Disappointed with the performance.,Negative,Product Performance
344,88,3,25-08-2023,4,Five stars for the quick delivery.,Positive,None
345,237,8,29-06-2024,5,"Excellent product, highly recommend!",Positive,None
346,170,6,06-06-2023,2,Disappointed with the performance.,Negative,Product Performance
347,107,6,19-05-2023,2,Disappointed with the performance.,Negative,Product Performance
348,233,6,02-12-2023,4,Shipping was fast and the item was well-packaged.,Positive,None
349,20,4,31-10-2023,2,Disappointed with the performance.,Negative,Product Performance
350,128,18,01-12-2024,4,Shipping was fast and the item was well-packaged.,Positive,None
351,251,12,26-10-2023,4,"Great purchase, very satisfied.",Positive,None
352,44,17,03-07-2024,3,"Good quality, but could be cheaper.",Mixed Negative,Product Cost
353,160,12,06-09-2024,4,Shipping was fast and the item was well-packaged.,Positive,None
354,233,18,23-02-2023,5,The quality is top-notch. Fits perfectly!,Positive,None
355,244,19,27-06-2023,1,The product stopped working after a month.,Negative,Durability
356,139,14,10-08-2023,3,"Good quality, but could be cheaper.",Mixed Negative,Product Cost
357,211,20,19-06-2024,4,"Great purchase, very satisfied.",Positive,None
358,245,12,04-01-2024,1,I had a bad experience with this product.,Negative,Product Performance
359,188,1,14-10-2023,3,"Average experience, nothing special.",Mixed Negative,Unmet Expectations
360,279,8,06-07-2024,2,Product did not meet my expectations.,Negative,Unmet Expectations
361,185,2,14-01-2023,1,The product stopped working after a month.,Negative,Durability
362,256,15,02-02-2023,2,Disappointed with the performance.,Negative,Product Performance
363,298,2,12-07-2023,5,"Excellent product, highly recommend!",Positive,None
364,228,5,08-04-2023,1,I had a bad experience with this product.,Negative,Product Performance
365,40,8,07-01-2024,2,Disappointed with the performance.,Negative,Product Performance
366,257,1,17-10-2023,4,"Great purchase, very satisfied.",Positive,None
367,108,8,23-04-2023,1,Not worth the money.,Negative,Product Cost
368,192,14,17-08-2024,3,"Good quality, but could be cheaper.",Mixed Negative,Product Cost
369,136,1,29-04-2023,5,The quality is top-notch. Fits perfectly!,Positive,None
370,43,10,20-02-2024,5,The quality is top-notch. Fits perfectly!,Positive,None
371,47,20,24-11-2024,4,"Great purchase, very satisfied.",Positive,None
372,107,11,10-07-2023,5,The quality is top-notch. Fits perfectly!,Positive,None
373,223,6,28-06-2023,1,Not worth the money.,Negative,Product Cost
374,197,2,04-12-2024,2,Disappointed with the performance.,Negative,Product Performance
375,107,3,02-02-2024,1,The product stopped working after a month.,Negative,Durability
376,142,5,31-01-2024,3,"Good quality, but could be cheaper.",Mixed Negative,Product Cost
377,117,8,30-04-2023,3,"Good quality, but could be cheaper.",Mixed Negative,Product Cost
378,49,10,23-02-2023,2,The product arrived late.,Negative,Delivery
379,80,7,18-04-2023,5,The quality is top-notch. Fits perfectly!,Positive,None
380,33,16,29-03-2023,1,The product stopped working after a month.,Negative,Durability
381,230,4,08-09-2024,1,Not worth the money.,Negative,Product Cost
382,299,10,21-11-2023,2,Product did not meet my expectations.,Negative,Unmet Expectations
383,129,2,09-12-2023,1,Not worth the money.,Negative,Product Cost
384,57,20,12-11-2024,1,I had a bad experience with this product.,Negative,Product Performance
385,294,12,30-01-2023,2,The product arrived late.,Negative,Delivery
386,38,20,27-12-2024,5,The quality is top-notch. Fits perfectly!,Positive,None
387,3,11,27-02-2024,1,Not worth the money.,Negative,Product Cost
388,226,8,14-10-2024,3,"Average experience, nothing special.",Mixed Negative,Unmet Expectations
389,81,14,20-08-2023,3,"Average experience, nothing special.",Mixed Negative,Unmet Expectations
390,189,3,28-04-2024,1,Not worth the money.,Negative,Product Cost
391,222,8,06-01-2024,4,Five stars for the quick delivery.,Positive,None
392,136,4,03-09-2023,1,I had a bad experience with this product.,Negative,Product Performance
393,15,5,22-12-2024,4,Five stars for the quick delivery.,Positive,None
394,270,13,05-05-2024,5,"Excellent product, highly recommend!",Positive,None
395,28,13,29-02-2024,3,"Average experience, nothing special.",Mixed Negative,Unmet Expectations
396,217,1,22-06-2023,4,Shipping was fast and the item was well-packaged.,Positive,None
397,298,6,17-07-2023,3,"Average experience, nothing special.",Mixed Negative,Unmet Expectations
398,229,15,30-03-2024,4,Shipping was fast and the item was well-packaged.,Positive,None
399,42,10,16-08-2024,5,The quality is top-notch. Fits perfectly!,Positive,None
400,189,16,29-03-2023,2,Product did not meet my expectations.,Negative,Unmet Expectations
401,173,7,04-06-2023,4,Five stars for the quick delivery.,Positive,None
402,254,20,24-09-2024,2,Product did not meet my expectations.,Negative,Unmet Expectations
403,179,6,08-02-2024,5,"Excellent product, highly recommend!",Positive,None
404,162,17,20-04-2024,2,The product arrived late.,Negative,Delivery
405,269,20,29-04-2023,3,"Good quality, but could be cheaper.",Mixed Negative,Product Cost
406,284,8,12-04-2023,2,Product did not meet my expectations.,Negative,Unmet Expectations
407,55,11,27-04-2023,5,"Excellent product, highly recommend!",Positive,None
408,35,9,16-06-2023,1,The product stopped working after a month.,Negative,Durability
409,135,4,10-06-2023,4,Shipping was fast and the item was well-packaged.,Positive,None
410,257,10,09-01-2024,4,Shipping was fast and the item was well-packaged.,Positive,None
411,214,15,11-08-2023,5,"Excellent product, highly recommend!",Positive,None
412,105,15,18-03-2023,1,The product stopped working after a month.,Negative,Durability
413,241,9,05-04-2023,2,Disappointed with the performance.,Negative,Product Performance
414,1,14,16-02-2024,2,Disappointed with the performance.,Negative,Product Performance
415,165,10,22-11-2023,1,I had a bad experience with this product.,Negative,Product Performance
416,28,18,27-12-2023,2,Product did not meet my expectations.,Negative,Unmet Expectations
417,3,7,18-09-2023,5,The quality is top-notch. Fits perfectly!,Positive,None
418,63,3,19-05-2024,3,"Good quality, but could be cheaper.",Mixed Negative,Product Cost
419,46,15,30-01-2023,3,"Good quality, but could be cheaper.",Mixed Negative,Product Cost
420,54,7,27-10-2024,5,The quality is top-notch. Fits perfectly!,Positive,None
421,59,4,19-11-2024,4,Five stars for the quick delivery.,Positive,None
422,232,7,29-06-2024,4,"Great purchase, very satisfied.",Positive,None
423,47,17,08-10-2024,1,I had a bad experience with this product.,Negative,Product Performance
424,45,15,16-06-2023,5,The quality is top-notch. Fits perfectly!,Positive,None
425,126,11,26-04-2024,2,Disappointed with the performance.,Negative,Product Performance
426,195,12,08-03-2024,4,Shipping was fast and the item was well-packaged.,Positive,None
427,7,1,07-03-2023,2,Disappointed with the performance.,Negative,Product Performance
428,33,11,25-10-2023,4,Five stars for the quick delivery.,Positive,None
429,205,2,27-12-2024,2,Product did not meet my expectations.,Negative,Unmet Expectations
430,284,5,25-10-2023,5,"Excellent product, highly recommend!",Positive,None
431,63,14,14-10-2023,4,"Great purchase, very satisfied.",Positive,None
432,139,6,07-11-2023,1,I had a bad experience with this product.,Negative,Product Performance
433,36,4,17-09-2023,2,Product did not meet my expectations.,Negative,Unmet Expectations
434,163,10,05-11-2024,3,"Good quality, but could be cheaper.",Mixed Negative,Product Cost
435,224,5,09-10-2023,1,Not worth the money.,Negative,Product Cost
436,271,5,10-05-2023,4,"Great purchase, very satisfied.",Positive,None
437,32,14,28-10-2023,4,Five stars for the quick delivery.,Positive,None
438,38,3,08-03-2024,2,The product arrived late.,Negative,Delivery
439,134,13,26-02-2023,4,"Great purchase, very satisfied.",Positive,None
440,266,20,23-12-2023,5,"Excellent product, highly recommend!",Positive,None
441,174,20,02-06-2023,4,"Great purchase, very satisfied.",Positive,None
442,143,14,05-02-2024,3,"Average experience, nothing special.",Mixed Negative,Unmet Expectations
443,76,3,22-05-2024,4,Shipping was fast and the item was well-packaged.,Positive,None
444,218,9,29-11-2023,4,"Great purchase, very satisfied.",Positive,None
445,120,4,19-03-2024,1,Not worth the money.,Negative,Product Cost
446,139,19,19-11-2023,5,The quality is top-notch. Fits perfectly!,Positive,None
447,221,2,28-11-2023,1,I had a bad experience with this product.,Negative,Product Performance
448,148,4,09-04-2023,1,The product stopped working after a month.,Negative,Durability
449,110,16,30-10-2024,5,"Excellent product, highly recommend!",Positive,None
450,115,10,18-10-2024,3,"Good quality, but could be cheaper.",Mixed Negative,Product Cost
451,124,4,01-12-2024,5,The quality is top-notch. Fits perfectly!,Positive,None
452,255,18,04-09-2024,1,I had a bad experience with this product.,Negative,Product Performance
453,24,16,02-07-2024,3,"Good quality, but could be cheaper.",Mixed Negative,Product Cost
454,296,11,08-04-2024,1,The product stopped working after a month.,Negative,Durability
455,193,2,25-04-2023,2,The product arrived late.,Negative,Delivery
456,270,8,15-01-2023,4,Shipping was fast and the item was well-packaged.,Positive,None
457,55,11,11-10-2024,4,Shipping was fast and the item was well-packaged.,Positive,None
458,146,16,10-11-2023,2,Product did not meet my expectations.,Negative,Unmet Expectations
459,124,8,01-10-2023,1,The product stopped working after a month.,Negative,Durability
460,115,12,01-11-2024,1,I had a bad experience with this product.,Negative,Product Performance
461,241,8,18-03-2024,1,Not worth the money.,Negative,Product Cost
462,245,2,07-04-2023,1,I had a bad experience with this product.,Negative,Product Performance
463,219,17,04-01-2024,4,Five stars for the quick delivery.,Positive,None
464,186,8,20-03-2023,1,I had a bad experience with this product.,Negative,Product Performance
465,248,11,19-02-2023,4,Shipping was fast and the item was well-packaged.,Positive,None
466,3,19,08-08-2023,2,Product did not meet my expectations.,Negative,Unmet Expectations
467,10,3,29-04-2023,2,The product arrived late.,Negative,Delivery
468,168,20,12-02-2024,2,The product arrived late.,Negative,Delivery
469,294,15,03-10-2023,1,I had a bad experience with this product.,Negative,Product Performance
470,10,20,03-01-2024,4,Five stars for the quick delivery.,Positive,None
471,290,1,02-12-2023,1,The product stopped working after a month.,Negative,Durability
472,182,2,05-09-2024,3,"Average experience, nothing special.",Mixed Negative,Unmet Expectations
473,248,19,06-06-2023,2,The product arrived late.,Negative,Delivery
474,35,17,01-10-2023,2,Product did not meet my expectations.,Negative,Unmet Expectations
475,79,13,12-02-2024,2,The product arrived late.,Negative,Delivery
476,26,13,30-07-2023,1,The product stopped working after a month.,Negative,Durability
477,89,10,20-03-2023,3,"Good quality, but could be cheaper.",Mixed Negative,Product Cost
478,49,3,03-09-2024,3,"Average experience, nothing special.",Mixed Negative,Unmet Expectations
479,138,2,07-12-2024,1,The product stopped working after a month.,Negative,Durability
480,196,6,14-05-2024,2,The product arrived late.,Negative,Delivery
481,14,17,29-06-2024,1,The product stopped working after a month.,Negative,Durability
482,28,13,29-05-2024,1,Not worth the money.,Negative,Product Cost
483,104,3,06-05-2023,4,Five stars for the quick delivery.,Positive,None
484,61,15,19-08-2024,3,"Average experience, nothing special.",Mixed Negative,Unmet Expectations
485,72,18,02-06-2023,1,Not worth the money.,Negative,Product Cost
486,83,7,05-09-2023,5,"Excellent product, highly recommend!",Positive,None
487,95,11,04-02-2024,2,Product did not meet my expectations.,Negative,Unmet Expectations
488,256,5,21-12-2023,5,The quality is top-notch. Fits perfectly!,Positive,None
489,110,17,19-12-2023,1,Not worth the money.,Negative,Product Cost
490,220,4,10-03-2024,4,Five stars for the quick delivery.,Positive,None
491,236,4,25-09-2023,5,"Excellent product, highly recommend!",Positive,None
492,98,9,28-06-2023,2,Product did not meet my expectations.,Negative,Unmet Expectations
493,254,7,28-05-2023,4,"Great purchase, very satisfied.",Positive,None
494,162,16,27-08-2023,1,The product stopped working after a month.,Negative,Durability
495,251,9,04-07-2023,1,Not worth the money.,Negative,Product Cost
496,52,10,04-06-2023,5,The quality is top-notch. Fits perfectly!,Positive,None
497,130,6,05-02-2023,2,Product did not meet my expectations.,Negative,Unmet Expectations
498,123,16,25-09-2023,5,"Excellent product, highly recommend!",Positive,None
499,190,17,11-04-2024,5,"Excellent product, highly recommend!",Positive,None
500,148,5,17-12-2023,5,The quality is top-notch. Fits perfectly!,Positive,None
501,169,19,20-05-2023,1,I had a bad experience with this product.,Negative,Product Performance
502,169,8,18-10-2024,1,Not worth the money.,Negative,Product Cost
503,2,19,08-01-2024,3,"Average experience, nothing special.",Mixed Negative,Unmet Expectations
504,281,16,21-05-2024,2,Disappointed with the performance.,Negative,Product Performance
505,115,13,30-10-2023,1,I had a bad experience with this product.,Negative,Product Performance
506,94,16,04-08-2023,2,Product did not meet my expectations.,Negative,Unmet Expectations
507,300,12,09-04-2024,4,Five stars for the quick delivery.,Positive,None
508,114,17,03-10-2024,5,"Excellent product, highly recommend!",Positive,None
509,217,3,11-05-2023,2,Disappointed with the performance.,Negative,Product Performance
510,77,3,03-09-2023,3,"Average experience, nothing special.",Mixed Negative,Unmet Expectations
511,54,4,06-11-2024,1,I had a bad experience with this product.,Negative,Product Performance
512,38,8,02-11-2024,4,"Great purchase, very satisfied.",Positive,None
513,26,4,31-01-2023,2,Product did not meet my expectations.,Negative,Unmet Expectations
514,169,7,17-01-2024,1,Not worth the money.,Negative,Product Cost
515,23,6,24-09-2023,3,"Good quality, but could be cheaper.",Mixed Negative,Product Cost
516,296,9,21-06-2024,1,Not worth the money.,Negative,Product Cost
517,148,4,24-06-2023,4,"Great purchase, very satisfied.",Positive,None
518,72,5,05-07-2023,4,"Great purchase, very satisfied.",Positive,None
519,88,2,25-07-2024,2,Product did not meet my expectations.,Negative,Unmet Expectations
520,128,17,26-11-2023,1,The product stopped working after a month.,Negative,Durability
521,243,2,12-08-2024,4,Shipping was fast and the item was well-packaged.,Positive,None
522,107,19,18-04-2023,4,"Great purchase, very satisfied.",Positive,None
523,246,1,23-06-2024,3,"Average experience, nothing special.",Mixed Negative,Unmet Expectations
524,288,15,15-06-2024,4,"Great purchase, very satisfied.",Positive,None
525,246,20,23-06-2023,5,"Excellent product, highly recommend!",Positive,None
526,116,4,10-03-2024,1,The product stopped working after a month.,Negative,Durability
527,284,6,24-05-2023,3,"Good quality, but could be cheaper.",Mixed Negative,Product Cost
528,28,17,07-01-2023,2,Disappointed with the performance.,Negative,Product Performance
529,108,15,11-03-2023,3,"Average experience, nothing special.",Mixed Negative,Unmet Expectations
530,55,20,26-08-2023,5,"Excellent product, highly recommend!",Positive,None
531,230,18,05-11-2023,4,Shipping was fast and the item was well-packaged.,Positive,None
532,279,18,10-09-2023,2,The product arrived late.,Negative,Delivery
533,2,7,30-03-2024,1,I had a bad experience with this product.,Negative,Product Performance
534,143,15,25-08-2023,2,The product arrived late.,Negative,Delivery
535,64,4,17-08-2023,1,Not worth the money.,Negative,Product Cost
536,107,15,04-03-2023,1,I had a bad experience with this product.,Negative,Product Performance
537,129,19,30-09-2023,3,"Good quality, but could be cheaper.",Mixed Negative,Product Cost
538,87,10,11-01-2024,3,"Average experience, nothing special.",Mixed Negative,Unmet Expectations
539,158,1,26-03-2024,2,Product did not meet my expectations.,Negative,Unmet Expectations
540,8,1,25-11-2023,4,"Great purchase, very satisfied.",Positive,None
541,183,11,27-10-2024,2,The product arrived late.,Negative,Delivery
542,266,5,29-07-2023,4,Shipping was fast and the item was well-packaged.,Positive,None
543,283,4,14-11-2024,5,"Excellent product, highly recommend!",Positive,None
544,262,1,14-11-2024,2,The product arrived late.,Negative,Delivery
545,92,19,29-10-2024,1,The product stopped working after a month.,Negative,Durability
546,119,17,26-11-2023,5,The quality is top-notch. Fits perfectly!,Positive,None
547,70,18,15-10-2023,2,Product did not meet my expectations.,Negative,Unmet Expectations
548,247,19,20-07-2024,1,Not worth the money.,Negative,Product Cost
549,85,11,11-06-2024,2,Product did not meet my expectations.,Negative,Unmet Expectations
550,182,8,20-04-2024,5,"Excellent product, highly recommend!",Positive,None
551,191,14,29-10-2023,5,"Excellent product, highly recommend!",Positive,None
552,165,8,10-08-2023,1,The product stopped working after a month.,Negative,Durability
553,18,15,17-01-2023,3,"Good quality, but could be cheaper.",Mixed Negative,Product Cost
554,211,14,28-11-2024,2,Product did not meet my expectations.,Negative,Unmet Expectations
555,32,13,07-08-2023,1,Not worth the money.,Negative,Product Cost
556,120,3,13-04-2023,2,Disappointed with the performance.,Negative,Product Performance
557,36,14,14-12-2024,5,"Excellent product, highly recommend!",Positive,None
558,54,19,07-12-2023,3,"Average experience, nothing special.",Mixed Negative,Unmet Expectations
559,113,1,01-09-2024,4,"Great purchase, very satisfied.",Positive,None
560,251,7,27-04-2023,4,"Great purchase, very satisfied.",Positive,None
561,131,2,24-08-2023,2,Product did not meet my expectations.,Negative,Unmet Expectations
562,253,20,21-03-2023,2,Product did not meet my expectations.,Negative,Unmet Expectations
563,5,7,12-05-2024,2,Disappointed with the performance.,Negative,Product Performance
564,109,1,29-02-2024,5,"Excellent product, highly recommend!",Positive,None
565,276,19,21-05-2023,5,The quality is top-notch. Fits perfectly!,Positive,None
566,8,10,15-01-2024,2,The product arrived late.,Negative,Delivery
567,67,2,03-05-2024,4,Five stars for the quick delivery.,Positive,None
568,50,13,06-07-2023,4,Shipping was fast and the item was well-packaged.,Positive,None
569,230,10,11-05-2023,4,Shipping was fast and the item was well-packaged.,Positive,None
570,221,18,04-10-2023,2,Product did not meet my expectations.,Negative,Unmet Expectations
571,125,5,04-01-2024,1,Not worth the money.,Negative,Product Cost
572,165,2,10-03-2024,3,"Average experience, nothing special.",Mixed Negative,Unmet Expectations
573,69,19,07-11-2024,2,Disappointed with the performance.,Negative,Product Performance
574,13,11,13-08-2023,3,"Good quality, but could be cheaper.",Mixed Negative,Product Cost
575,226,20,12-10-2024,5,"Excellent product, highly recommend!",Positive,None
576,67,1,06-04-2024,4,Five stars for the quick delivery.,Positive,None
577,18,20,20-12-2023,2,Product did not meet my expectations.,Negative,Unmet Expectations
578,281,20,24-01-2023,4,"Great purchase, very satisfied.",Positive,None
579,161,11,12-01-2023,2,The product arrived late.,Negative,Delivery
580,51,19,10-09-2024,1,Not worth the money.,Negative,Product Cost
581,213,18,27-09-2023,4,Shipping was fast and the item was well-packaged.,Positive,None
582,165,14,01-12-2023,1,The product stopped working after a month.,Negative,Durability
583,229,18,23-03-2023,1,The product stopped working after a month.,Negative,Durability
584,229,9,29-10-2023,4,Five stars for the quick delivery.,Positive,None
585,18,11,24-09-2023,5,The quality is top-notch. Fits perfectly!,Positive,None
586,186,3,14-01-2024,1,The product stopped working after a month.,Negative,Durability
587,167,14,10-05-2024,1,Not worth the money.,Negative,Product Cost
588,144,1,31-07-2024,1,Not worth the money.,Negative,Product Cost
589,90,2,30-04-2023,1,The product stopped working after a month.,Negative,Durability
590,202,16,20-11-2023,2,Disappointed with the performance.,Negative,Product Performance
591,125,2,25-01-2023,5,"Excellent product, highly recommend!",Positive,None
592,115,9,04-10-2024,5,"Excellent product, highly recommend!",Positive,None
593,156,2,24-12-2023,1,The product stopped working after a month.,Negative,Durability
594,276,2,01-02-2024,1,I had a bad experience with this product.,Negative,Product Performance
595,246,1,07-08-2024,5,"Excellent product, highly recommend!",Positive,None
596,131,9,19-03-2024,3,"Average experience, nothing special.",Mixed Negative,Unmet Expectations
597,159,17,21-09-2023,5,The quality is top-notch. Fits perfectly!,Positive,None
598,26,1,11-02-2023,4,Shipping was fast and the item was well-packaged.,Positive,None
599,20,1,27-10-2023,1,The product stopped working after a month.,Negative,Durability
600,212,9,03-01-2024,4,Shipping was fast and the item was well-packaged.,Positive,None
601,237,13,25-06-2024,1,Not worth the money.,Negative,Product Cost
602,109,10,02-07-2024,1,Not worth the money.,Negative,Product Cost
603,226,12,24-06-2023,3,"Average experience, nothing special.",Mixed Negative,Unmet Expectations
604,209,1,16-10-2023,2,The product arrived late.,Negative,Delivery
605,298,20,26-05-2023,4,Shipping was fast and the item was well-packaged.,Positive,None
606,203,14,18-05-2023,3,"Average experience, nothing special.",Mixed Negative,Unmet Expectations
607,228,14,03-03-2023,5,"Excellent product, highly recommend!",Positive,None
608,99,17,10-02-2023,1,The product stopped working after a month.,Negative,Durability
609,241,20,06-12-2023,1,The product stopped working after a month.,Negative,Durability
610,41,3,03-06-2024,5,"Excellent product, highly recommend!",Positive,None
611,88,4,29-01-2024,3,"Average experience, nothing special.",Mixed Negative,Unmet Expectations
612,91,12,03-03-2023,2,The product arrived late.,Negative,Delivery
613,61,12,02-08-2024,3,"Average experience, nothing special.",Mixed Negative,Unmet Expectations
614,12,10,04-09-2023,5,"Excellent product, highly recommend!",Positive,None
615,174,1,25-03-2024,5,"Excellent product, highly recommend!",Positive,None
616,255,9,14-03-2023,1,I had a bad experience with this product.,Negative,Product Performance
617,222,9,07-05-2024,1,Not worth the money.,Negative,Product Cost
618,248,13,13-07-2023,1,Not worth the money.,Negative,Product Cost
619,52,2,08-12-2024,4,"Great purchase, very satisfied.",Positive,None
620,81,8,05-05-2023,2,Disappointed with the performance.,Negative,Product Performance
621,235,13,28-04-2024,5,The quality is top-notch. Fits perfectly!,Positive,None
622,84,12,11-11-2023,3,"Good quality, but could be cheaper.",Mixed Negative,Product Cost
623,52,14,06-06-2024,4,Shipping was fast and the item was well-packaged.,Positive,None
624,150,9,24-01-2024,2,Disappointed with the performance.,Negative,Product Performance
625,215,10,10-01-2024,1,Not worth the money.,Negative,Product Cost
626,259,20,04-07-2023,4,Shipping was fast and the item was well-packaged.,Positive,None
627,158,3,11-11-2024,2,The product arrived late.,Negative,Delivery
628,117,6,04-06-2024,1,Not worth the money.,Negative,Product Cost
629,35,3,05-09-2023,2,Product did not meet my expectations.,Negative,Unmet Expectations
630,66,9,30-11-2024,1,I had a bad experience with this product.,Negative,Product Performance
631,143,16,30-12-2024,2,Disappointed with the performance.,Negative,Product Performance
632,81,19,13-04-2024,1,The product stopped working after a month.,Negative,Durability
633,167,19,05-04-2023,1,The product stopped working after a month.,Negative,Durability
634,137,10,26-06-2024,2,Disappointed with the performance.,Negative,Product Performance
635,157,1,06-01-2023,2,Disappointed with the performance.,Negative,Product Performance
636,159,13,14-12-2023,1,Not worth the money.,Negative,Product Cost
637,279,9,19-02-2024,4,"Great purchase, very satisfied.",Positive,None
638,297,5,21-10-2024,1,The product stopped working after a month.,Negative,Durability
639,149,18,30-05-2024,2,Product did not meet my expectations.,Negative,Unmet Expectations
640,287,1,21-10-2024,2,Product did not meet my expectations.,Negative,Unmet Expectations
641,125,16,11-02-2024,1,I had a bad experience with this product.,Negative,Product Performance
642,245,14,18-09-2023,2,Disappointed with the performance.,Negative,Product Performance
643,241,7,08-04-2024,2,The product arrived late.,Negative,Delivery
644,24,11,12-09-2023,4,Shipping was fast and the item was well-packaged.,Positive,None
645,76,12,25-04-2023,2,Disappointed with the performance.,Negative,Product Performance
646,52,18,10-04-2024,5,"Excellent product, highly recommend!",Positive,None
647,217,5,05-07-2024,2,Disappointed with the performance.,Negative,Product Performance
648,229,10,28-03-2024,3,"Good quality, but could be cheaper.",Mixed Negative,Product Cost
649,235,14,11-03-2024,1,The product stopped working after a month.,Negative,Durability
650,205,2,09-12-2024,2,Disappointed with the performance.,Negative,Product Performance
651,42,19,04-05-2023,2,Disappointed with the performance.,Negative,Product Performance
652,98,12,17-06-2023,3,"Good quality, but could be cheaper.",Mixed Negative,Product Cost
653,130,5,17-12-2023,2,Disappointed with the performance.,Negative,Product Performance
654,108,4,04-04-2024,3,"Good quality, but could be cheaper.",Mixed Negative,Product Cost
655,297,16,16-01-2023,2,The product arrived late.,Negative,Delivery
656,182,14,03-04-2024,3,"Average experience, nothing special.",Mixed Negative,Unmet Expectations
657,295,4,27-01-2023,1,I had a bad experience with this product.,Negative,Product Performance
658,192,14,06-08-2023,1,Not worth the money.,Negative,Product Cost
659,213,16,17-02-2023,1,I had a bad experience with this product.,Negative,Product Performance
660,156,9,01-04-2024,2,Product did not meet my expectations.,Negative,Unmet Expectations
661,247,4,06-10-2023,5,The quality is top-notch. Fits perfectly!,Positive,None
662,182,15,24-04-2024,5,The quality is top-notch. Fits perfectly!,Positive,None
663,70,12,19-01-2023,1,The product stopped working after a month.,Negative,Durability
664,44,12,13-01-2024,4,Shipping was fast and the item was well-packaged.,Positive,None
665,132,20,16-10-2023,5,The quality is top-notch. Fits perfectly!,Positive,None
666,276,11,14-04-2024,1,Not worth the money.,Negative,Product Cost
667,166,5,15-01-2024,3,"Good quality, but could be cheaper.",Mixed Negative,Product Cost
668,111,16,22-09-2023,4,Shipping was fast and the item was well-packaged.,Positive,None
669,282,9,01-01-2024,3,"Average experience, nothing special.",Mixed Negative,Unmet Expectations
670,173,16,04-02-2024,1,Not worth the money.,Negative,Product Cost
671,210,7,05-09-2023,3,"Average experience, nothing special.",Mixed Negative,Unmet Expectations
672,140,6,04-01-2023,1,The product stopped working after a month.,Negative,Durability
673,171,1,01-08-2024,3,"Average experience, nothing special.",Mixed Negative,Unmet Expectations
674,111,1,03-12-2024,2,Product did not meet my expectations.,Negative,Unmet Expectations
675,83,16,26-04-2024,4,Five stars for the quick delivery.,Positive,None
676,271,5,01-05-2024,3,"Good quality, but could be cheaper.",Mixed Negative,Product Cost
677,293,11,19-11-2024,2,The product arrived late.,Negative,Delivery
678,285,16,03-03-2023,1,The product stopped working after a month.,Negative,Durability
679,285,19,07-10-2023,4,Five stars for the quick delivery.,Positive,None
680,219,13,24-01-2023,4,"Great purchase, very satisfied.",Positive,None
681,210,14,16-09-2024,2,The product arrived late.,Negative,Delivery
682,16,6,20-04-2024,3,"Good quality, but could be cheaper.",Mixed Negative,Product Cost
683,157,9,07-07-2024,4,Five stars for the quick delivery.,Positive,None
684,147,7,09-12-2024,3,"Average experience, nothing special.",Mixed Negative,Unmet Expectations
685,24,2,08-05-2024,2,Disappointed with the performance.,Negative,Product Performance
686,204,4,18-03-2024,3,"Average experience, nothing special.",Mixed Negative,Unmet Expectations
687,115,16,22-05-2024,1,Not worth the money.,Negative,Product Cost
688,240,17,20-09-2023,4,Five stars for the quick delivery.,Positive,None
689,143,16,19-04-2023,3,"Good quality, but could be cheaper.",Mixed Negative,Product Cost
690,148,19,08-03-2023,2,Disappointed with the performance.,Negative,Product Performance
691,58,13,17-07-2023,1,I had a bad experience with this product.,Negative,Product Performance
692,220,19,08-12-2023,5,The quality is top-notch. Fits perfectly!,Positive,None
693,242,6,18-12-2023,2,Disappointed with the performance.,Negative,Product Performance
694,91,12,06-02-2023,5,"Excellent product, highly recommend!",Positive,None
695,199,20,17-03-2023,3,"Average experience, nothing special.",Mixed Negative,Unmet Expectations
696,219,20,02-05-2024,2,The product arrived late.,Negative,Delivery
697,32,16,01-10-2024,2,The product arrived late.,Negative,Delivery
698,73,7,24-02-2023,2,Product did not meet my expectations.,Negative,Unmet Expectations
699,24,1,20-06-2024,5,"Excellent product, highly recommend!",Positive,None
700,101,7,12-11-2023,1,The product stopped working after a month.,Negative,Durability
701,297,1,25-05-2023,4,"Great purchase, very satisfied.",Positive,None
702,246,10,26-08-2023,4,Five stars for the quick delivery.,Positive,None
703,222,19,29-06-2023,1,Not worth the money.,Negative,Product Cost
704,143,20,16-10-2023,5,"Excellent product, highly recommend!",Positive,None
705,283,1,03-04-2023,1,The product stopped working after a month.,Negative,Durability
706,195,19,16-10-2024,3,"Average experience, nothing special.",Mixed Negative,Unmet Expectations
707,61,4,22-10-2024,1,The product stopped working after a month.,Negative,Durability
708,90,19,04-11-2023,3,"Good quality, but could be cheaper.",Mixed Negative,Product Cost
709,135,2,11-09-2023,5,"Excellent product, highly recommend!",Positive,None
710,55,18,09-06-2023,2,The product arrived late.,Negative,Delivery
711,237,20,07-04-2023,4,Shipping was fast and the item was well-packaged.,Positive,None
712,223,12,27-08-2024,3,"Average experience, nothing special.",Mixed Negative,Unmet Expectations
713,50,3,31-10-2024,4,Five stars for the quick delivery.,Positive,None
714,15,7,25-08-2023,2,Disappointed with the performance.,Negative,Product Performance
715,31,12,09-09-2024,3,"Good quality, but could be cheaper.",Mixed Negative,Product Cost
716,222,14,23-10-2024,2,Disappointed with the performance.,Negative,Product Performance
717,130,5,11-08-2023,2,Disappointed with the performance.,Negative,Product Performance
718,149,7,25-07-2024,1,I had a bad experience with this product.,Negative,Product Performance
719,107,16,01-01-2024,1,I had a bad experience with this product.,Negative,Product Performance
720,147,6,26-06-2024,2,The product arrived late.,Negative,Delivery
721,154,13,06-09-2023,2,Product did not meet my expectations.,Negative,Unmet Expectations
722,246,8,10-11-2023,1,I had a bad experience with this product.,Negative,Product Performance
723,282,11,24-02-2023,1,The product stopped working after a month.,Negative,Durability
724,125,1,03-07-2023,2,Product did not meet my expectations.,Negative,Unmet Expectations
725,244,5,01-12-2024,1,Not worth the money.,Negative,Product Cost
726,41,15,12-08-2024,4,"Great purchase, very satisfied.",Positive,None
727,39,13,12-06-2023,3,"Average experience, nothing special.",Mixed Negative,Unmet Expectations
728,24,11,27-12-2023,4,"Great purchase, very satisfied.",Positive,None
729,81,14,30-03-2024,2,Disappointed with the performance.,Negative,Product Performance
730,75,9,01-11-2024,1,I had a bad experience with this product.,Negative,Product Performance
731,157,17,09-09-2023,1,The product stopped working after a month.,Negative,Durability
732,239,5,09-02-2024,2,The product arrived late.,Negative,Delivery
733,237,16,26-08-2024,4,"Great purchase, very satisfied.",Positive,None
734,262,17,06-08-2024,4,Shipping was fast and the item was well-packaged.,Positive,None
735,41,6,23-06-2024,3,"Good quality, but could be cheaper.",Mixed Negative,Product Cost
736,227,6,02-06-2024,2,Product did not meet my expectations.,Negative,Unmet Expectations
737,246,9,24-05-2024,1,Not worth the money.,Negative,Product Cost
738,276,13,23-09-2024,5,"Excellent product, highly recommend!",Positive,None
739,27,10,19-01-2023,2,Product did not meet my expectations.,Negative,Unmet Expectations
740,195,6,03-09-2024,3,"Good quality, but could be cheaper.",Mixed Negative,Product Cost
741,196,11,07-07-2023,1,The product stopped working after a month.,Negative,Durability
742,145,4,21-11-2023,2,Product did not meet my expectations.,Negative,Unmet Expectations
743,113,3,12-11-2024,2,The product arrived late.,Negative,Delivery
744,26,5,19-01-2023,4,Shipping was fast and the item was well-packaged.,Positive,None
745,11,9,21-03-2023,1,The product stopped working after a month.,Negative,Durability
746,5,15,15-04-2023,2,Disappointed with the performance.,Negative,Product Performance
747,36,5,01-09-2024,1,Not worth the money.,Negative,Product Cost
748,144,8,05-12-2024,4,"Great purchase, very satisfied.",Positive,None
749,234,2,04-07-2023,3,"Good quality, but could be cheaper.",Mixed Negative,Product Cost
750,187,15,25-06-2024,5,"Excellent product, highly recommend!",Positive,None
751,150,20,10-02-2024,4,"Great purchase, very satisfied.",Positive,None
752,184,11,31-01-2023,5,"Excellent product, highly recommend!",Positive,None
753,299,7,14-01-2024,4,"Great purchase, very satisfied.",Positive,None
754,33,3,01-02-2023,5,"Excellent product, highly recommend!",Positive,None
755,166,17,06-11-2023,3,"Average experience, nothing special.",Mixed Negative,Unmet Expectations
756,203,15,19-08-2023,5,"Excellent product, highly recommend!",Positive,None
757,113,16,28-02-2023,1,The product stopped working after a month.,Negative,Durability
758,24,3,11-11-2024,1,The product stopped working after a month.,Negative,Durability
759,237,9,03-08-2024,4,"Great purchase, very satisfied.",Positive,None
760,48,15,04-01-2024,3,"Good quality, but could be cheaper.",Mixed Negative,Product Cost
761,15,16,27-08-2023,5,The quality is top-notch. Fits perfectly!,Positive,None
762,95,4,23-12-2024,1,The product stopped working after a month.,Negative,Durability
763,228,7,09-04-2024,4,"Great purchase, very satisfied.",Positive,None
764,121,20,07-05-2024,1,Not worth the money.,Negative,Product Cost
765,23,3,06-01-2023,5,"Excellent product, highly recommend!",Positive,None
766,149,19,25-06-2023,3,"Good quality, but could be cheaper.",Mixed Negative,Product Cost
767,81,3,18-07-2024,2,Disappointed with the performance.,Negative,Product Performance
768,81,6,24-11-2024,4,Shipping was fast and the item was well-packaged.,Positive,None
769,8,1,01-03-2024,5,"Excellent product, highly recommend!",Positive,None
770,107,17,26-01-2024,3,"Average experience, nothing special.",Mixed Negative,Unmet Expectations
771,139,19,12-03-2024,3,"Good quality, but could be cheaper.",Mixed Negative,Product Cost
772,28,6,27-10-2024,3,"Average experience, nothing special.",Mixed Negative,Unmet Expectations
773,44,9,13-09-2023,3,"Average experience, nothing special.",Mixed Negative,Unmet Expectations
774,278,2,11-10-2023,2,Product did not meet my expectations.,Negative,Unmet Expectations
775,43,3,24-07-2024,1,The product stopped working after a month.,Negative,Durability
776,16,2,07-11-2023,3,"Average experience, nothing special.",Mixed Negative,Unmet Expectations
777,27,3,20-11-2023,1,The product stopped working after a month.,Negative,Durability
778,125,3,25-12-2024,5,"Excellent product, highly recommend!",Positive,None
779,293,11,17-09-2024,1,I had a bad experience with this product.,Negative,Product Performance
780,209,2,04-06-2023,2,Product did not meet my expectations.,Negative,Unmet Expectations
781,208,20,15-07-2023,1,Not worth the money.,Negative,Product Cost
782,141,16,11-05-2024,2,Disappointed with the performance.,Negative,Product Performance
783,224,14,20-02-2023,3,"Average experience, nothing special.",Mixed Negative,Unmet Expectations
784,132,17,07-12-2023,3,"Good quality, but could be cheaper.",Mixed Negative,Product Cost
785,77,11,28-04-2024,3,"Average experience, nothing special.",Mixed Negative,Unmet Expectations
786,5,9,23-06-2023,4,Five stars for the quick delivery.,Positive,None
787,159,13,25-09-2023,1,Not worth the money.,Negative,Product Cost
788,30,13,27-08-2024,4,Shipping was fast and the item was well-packaged.,Positive,None
789,257,14,23-04-2023,1,Not worth the money.,Negative,Product Cost
790,252,11,22-09-2023,5,"Excellent product, highly recommend!",Positive,None
791,266,6,25-05-2024,1,Not worth the money.,Negative,Product Cost
792,256,4,29-04-2023,4,Shipping was fast and the item was well-packaged.,Positive,None
793,288,18,10-04-2023,3,"Good quality, but could be cheaper.",Mixed Negative,Product Cost
794,29,12,23-07-2024,5,The quality is top-notch. Fits perfectly!,Positive,None
795,39,19,26-05-2024,1,I had a bad experience with this product.,Negative,Product Performance
796,170,12,16-05-2024,5,The quality is top-notch. Fits perfectly!,Positive,None
797,286,6,16-02-2024,2,Product did not meet my expectations.,Negative,Unmet Expectations
798,281,13,30-11-2023,5,The quality is top-notch. Fits perfectly!,Positive,None
799,135,9,24-10-2023,5,"Excellent product, highly recommend!",Positive,None
800,154,9,21-05-2023,2,Disappointed with the performance.,Negative,Product Performance
801,134,5,19-02-2024,2,Product did not meet my expectations.,Negative,Unmet Expectations
802,10,17,05-07-2024,5,The quality is top-notch. Fits perfectly!,Positive,None
803,178,2,08-03-2023,3,"Average experience, nothing special.",Mixed Negative,Unmet Expectations
804,64,8,24-03-2024,1,I had a bad experience with this product.,Negative,Product Performance
805,263,14,01-07-2023,3,"Good quality, but could be cheaper.",Mixed Negative,Product Cost
806,262,9,24-09-2024,2,Product did not meet my expectations.,Negative,Unmet Expectations
807,23,10,27-05-2023,4,Shipping was fast and the item was well-packaged.,Positive,None
808,33,14,30-07-2024,1,I had a bad experience with this product.,Negative,Product Performance
809,259,4,29-10-2023,4,Five stars for the quick delivery.,Positive,None
810,3,15,27-01-2024,1,I had a bad experience with this product.,Negative,Product Performance
811,276,3,25-03-2024,1,I had a bad experience with this product.,Negative,Product Performance
812,6,2,15-03-2024,2,The product arrived late.,Negative,Delivery
813,40,9,14-08-2023,3,"Good quality, but could be cheaper.",Mixed Negative,Product Cost
814,185,19,28-04-2024,4,Five stars for the quick delivery.,Positive,None
815,116,20,28-10-2024,1,Not worth the money.,Negative,Product Cost
816,240,13,25-02-2024,1,The product stopped working after a month.,Negative,Durability
817,54,2,17-11-2023,4,Shipping was fast and the item was well-packaged.,Positive,None
818,63,15,27-03-2023,3,"Average experience, nothing special.",Mixed Negative,Unmet Expectations
819,20,1,21-05-2024,3,"Good quality, but could be cheaper.",Mixed Negative,Product Cost
820,8,3,05-12-2024,2,Product did not meet my expectations.,Negative,Unmet Expectations
821,179,4,28-12-2024,1,The product stopped working after a month.,Negative,Durability
822,275,1,06-01-2023,2,Product did not meet my expectations.,Negative,Unmet Expectations
823,243,18,14-09-2023,4,Five stars for the quick delivery.,Positive,None
824,260,10,12-01-2024,3,"Average experience, nothing special.",Mixed Negative,Unmet Expectations
825,234,14,16-04-2023,2,The product arrived late.,Negative,Delivery
826,220,16,08-05-2024,1,Not worth the money.,Negative,Product Cost
827,24,14,14-03-2024,2,Product did not meet my expectations.,Negative,Unmet Expectations
828,68,3,10-09-2024,1,The product stopped working after a month.,Negative,Durability
829,82,6,20-07-2024,1,Not worth the money.,Negative,Product Cost
830,120,10,23-08-2024,5,"Excellent product, highly recommend!",Positive,None
831,133,7,11-01-2023,1,I had a bad experience with this product.,Negative,Product Performance
832,78,4,07-01-2024,4,Five stars for the quick delivery.,Positive,None
833,232,6,08-01-2024,2,Disappointed with the performance.,Negative,Product Performance
834,249,18,16-08-2023,4,"Great purchase, very satisfied.",Positive,None
835,217,15,15-10-2023,1,Not worth the money.,Negative,Product Cost
836,28,17,25-11-2024,2,Disappointed with the performance.,Negative,Product Performance
837,53,6,04-12-2024,1,Not worth the money.,Negative,Product Cost
838,24,12,30-08-2024,2,Disappointed with the performance.,Negative,Product Performance
839,138,10,05-12-2024,2,Product did not meet my expectations.,Negative,Unmet Expectations
840,201,19,30-06-2024,2,The product arrived late.,Negative,Delivery
841,15,3,30-06-2023,1,I had a bad experience with this product.,Negative,Product Performance
842,85,11,19-02-2024,1,Not worth the money.,Negative,Product Cost
843,67,2,28-06-2024,4,"Great purchase, very satisfied.",Positive,None
844,213,4,15-01-2023,2,The product arrived late.,Negative,Delivery
845,277,2,02-06-2023,3,"Average experience, nothing special.",Mixed Negative,Unmet Expectations
846,252,2,13-03-2023,3,"Good quality, but could be cheaper.",Mixed Negative,Product Cost
847,87,2,31-10-2024,3,"Good quality, but could be cheaper.",Mixed Negative,Product Cost
848,124,15,05-03-2023,4,"Great purchase, very satisfied.",Positive,None
849,191,11,25-09-2024,3,"Average experience, nothing special.",Mixed Negative,Unmet Expectations
850,55,11,07-05-2023,3,"Good quality, but could be cheaper.",Mixed Negative,Product Cost
851,225,13,20-03-2023,3,"Good quality, but could be cheaper.",Mixed Negative,Product Cost
852,212,5,09-08-2024,3,"Good quality, but could be cheaper.",Mixed Negative,Product Cost
853,178,18,11-02-2024,1,The product stopped working after a month.,Negative,Durability
854,99,13,25-02-2023,4,Five stars for the quick delivery.,Positive,None
855,185,8,20-01-2024,2,The product arrived late.,Negative,Delivery
856,250,7,28-05-2023,1,Not worth the money.,Negative,Product Cost
857,32,20,01-06-2023,4,Five stars for the quick delivery.,Positive,None
858,168,9,04-01-2024,5,The quality is top-notch. Fits perfectly!,Positive,None
859,282,1,01-02-2024,2,Disappointed with the performance.,Negative,Product Performance
860,138,1,19-09-2024,2,Product did not meet my expectations.,Negative,Unmet Expectations
861,287,15,29-07-2023,1,I had a bad experience with this product.,Negative,Product Performance
862,287,16,10-04-2023,2,The product arrived late.,Negative,Delivery
863,103,10,01-05-2023,1,Not worth the money.,Negative,Product Cost
864,29,2,17-10-2024,5,The quality is top-notch. Fits perfectly!,Positive,None
865,224,13,27-11-2023,2,The product arrived late.,Negative,Delivery
866,150,17,22-10-2023,4,"Great purchase, very satisfied.",Positive,None
867,289,8,28-01-2023,1,Not worth the money.,Negative,Product Cost
868,3,9,16-03-2024,5,The quality is top-notch. Fits perfectly!,Positive,None
869,116,11,27-10-2024,1,The product stopped working after a month.,Negative,Durability
870,213,1,26-12-2024,2,The product arrived late.,Negative,Delivery
871,255,2,29-01-2024,4,Shipping was fast and the item was well-packaged.,Positive,None
872,290,8,26-04-2024,3,"Average experience, nothing special.",Mixed Negative,Unmet Expectations
873,3,10,17-10-2023,2,Product did not meet my expectations.,Negative,Unmet Expectations
874,27,11,21-07-2024,4,"Great purchase, very satisfied.",Positive,None
875,30,9,26-04-2024,5,The quality is top-notch. Fits perfectly!,Positive,None
876,65,16,01-11-2024,2,The product arrived late.,Negative,Delivery
877,296,1,13-06-2023,2,Product did not meet my expectations.,Negative,Unmet Expectations
878,218,9,13-01-2024,5,"Excellent product, highly recommend!",Positive,None
879,97,1,03-12-2024,1,Not worth the money.,Negative,Product Cost
880,25,11,07-10-2024,1,Not worth the money.,Negative,Product Cost
881,26,4,30-09-2024,2,The product arrived late.,Negative,Delivery
882,168,16,03-12-2023,4,Shipping was fast and the item was well-packaged.,Positive,None
883,247,7,09-07-2024,2,The product arrived late.,Negative,Delivery
884,1,18,17-10-2023,4,Five stars for the quick delivery.,Positive,None
885,249,10,25-01-2023,3,"Good quality, but could be cheaper.",Mixed Negative,Product Cost
886,82,17,18-06-2023,2,The product arrived late.,Negative,Delivery
887,167,1,31-03-2024,4,Five stars for the quick delivery.,Positive,None
888,177,11,18-08-2023,4,Five stars for the quick delivery.,Positive,None
889,7,12,11-12-2024,4,Five stars for the quick delivery.,Positive,None
890,275,12,16-03-2023,3,"Average experience, nothing special.",Mixed Negative,Unmet Expectations
891,190,2,30-04-2023,4,"Great purchase, very satisfied.",Positive,None
892,169,6,16-09-2023,2,Product did not meet my expectations.,Negative,Unmet Expectations
893,42,3,24-03-2024,2,The product arrived late.,Negative,Delivery
894,262,16,19-11-2024,1,Not worth the money.,Negative,Product Cost
895,177,1,06-01-2024,5,"Excellent product, highly recommend!",Positive,None
896,107,20,09-12-2024,5,"Excellent product, highly recommend!",Positive,None
897,272,9,31-03-2023,2,The product arrived late.,Negative,Delivery
898,13,12,05-04-2023,4,Shipping was fast and the item was well-packaged.,Positive,None
899,53,5,23-01-2023,1,The product stopped working after a month.,Negative,Durability
900,2,16,22-09-2023,1,I had a bad experience with this product.,Negative,Product Performance
901,22,9,18-01-2024,5,"Excellent product, highly recommend!",Positive,None
902,170,14,17-08-2024,2,Disappointed with the performance.,Negative,Product Performance
903,109,7,07-06-2023,2,Product did not meet my expectations.,Negative,Unmet Expectations
904,209,20,29-05-2023,1,Not worth the money.,Negative,Product Cost
905,196,18,08-08-2024,2,Disappointed with the performance.,Negative,Product Performance
906,136,15,20-08-2023,2,The product arrived late.,Negative,Delivery
907,239,20,27-07-2023,5,The quality is top-notch. Fits perfectly!,Positive,None
908,291,5,21-11-2024,3,"Average experience, nothing special.",Mixed Negative,Unmet Expectations
909,92,7,09-09-2024,5,The quality is top-notch. Fits perfectly!,Positive,None
910,193,2,11-01-2024,3,"Good quality, but could be cheaper.",Mixed Negative,Product Cost
911,102,14,16-02-2023,2,Product did not meet my expectations.,Negative,Unmet Expectations
912,42,5,05-11-2023,5,"Excellent product, highly recommend!",Positive,None
913,105,16,30-07-2023,2,Disappointed with the performance.,Negative,Product Performance
914,153,20,30-03-2023,4,Five stars for the quick delivery.,Positive,None
915,161,18,13-03-2023,2,Disappointed with the performance.,Negative,Product Performance
916,114,14,03-02-2024,2,Disappointed with the performance.,Negative,Product Performance
917,148,7,17-03-2024,4,Shipping was fast and the item was well-packaged.,Positive,None
918,107,14,25-12-2023,1,I had a bad experience with this product.,Negative,Product Performance
919,100,3,04-11-2024,4,Shipping was fast and the item was well-packaged.,Positive,None
920,162,20,14-10-2023,3,"Average experience, nothing special.",Mixed Negative,Unmet Expectations
921,216,18,01-05-2023,3,"Average experience, nothing special.",Mixed Negative,Unmet Expectations
922,17,18,20-08-2024,3,"Average experience, nothing special.",Mixed Negative,Unmet Expectations
923,56,10,26-01-2024,1,The product stopped working after a month.,Negative,Durability
924,120,4,30-06-2024,2,Product did not meet my expectations.,Negative,Unmet Expectations
925,282,19,05-05-2024,3,"Good quality, but could be cheaper.",Mixed Negative,Product Cost
926,117,8,20-11-2024,1,Not worth the money.,Negative,Product Cost
927,24,5,23-07-2023,5,The quality is top-notch. Fits perfectly!,Positive,None
928,144,5,04-08-2023,4,"Great purchase, very satisfied.",Positive,None
929,114,17,21-06-2024,1,I had a bad experience with this product.,Negative,Product Performance
930,123,4,08-11-2024,2,Disappointed with the performance.,Negative,Product Performance
931,198,1,29-05-2023,3,"Average experience, nothing special.",Mixed Negative,Unmet Expectations
932,14,20,31-12-2024,1,I had a bad experience with this product.,Negative,Product Performance
933,79,16,17-01-2023,4,Shipping was fast and the item was well-packaged.,Positive,None
934,3,1,14-11-2023,4,"Great purchase, very satisfied.",Positive,None
935,280,14,24-01-2024,3,"Good quality, but could be cheaper.",Mixed Negative,Product Cost
936,264,10,23-04-2024,5,The quality is top-notch. Fits perfectly!,Positive,None
937,256,5,03-02-2024,5,The quality is top-notch. Fits perfectly!,Positive,None
938,83,15,19-11-2023,2,Product did not meet my expectations.,Negative,Unmet Expectations
939,260,20,04-03-2024,3,"Good quality, but could be cheaper.",Mixed Negative,Product Cost
940,104,14,30-05-2024,5,The quality is top-notch. Fits perfectly!,Positive,None
941,183,7,12-05-2024,4,"Great purchase, very satisfied.",Positive,None
942,272,2,22-07-2024,1,Not worth the money.,Negative,Product Cost
943,270,5,26-07-2023,4,"Great purchase, very satisfied.",Positive,None
944,23,19,16-04-2024,5,The quality is top-notch. Fits perfectly!,Positive,None
945,48,20,17-08-2024,2,The product arrived late.,Negative,Delivery
946,87,10,20-04-2024,2,Product did not meet my expectations.,Negative,Unmet Expectations
947,26,15,06-01-2024,5,"Excellent product, highly recommend!",Positive,None
948,269,13,22-05-2023,5,"Excellent product, highly recommend!",Positive,None
949,2,19,03-06-2024,1,I had a bad experience with this product.,Negative,Product Performance
950,212,7,18-02-2024,2,Product did not meet my expectations.,Negative,Unmet Expectations
951,271,6,01-06-2024,1,I had a bad experience with this product.,Negative,Product Performance
952,35,14,11-07-2024,2,Disappointed with the performance.,Negative,Product Performance
953,199,1,15-01-2023,3,"Good quality, but could be cheaper.",Mixed Negative,Product Cost
954,205,17,28-11-2024,2,The product arrived late.,Negative,Delivery
955,33,6,13-05-2024,2,Disappointed with the performance.,Negative,Product Performance
956,25,10,17-06-2023,3,"Average experience, nothing special.",Mixed Negative,Unmet Expectations
957,88,18,19-11-2024,4,Shipping was fast and the item was well-packaged.,Positive,None
958,194,11,30-05-2024,5,The quality is top-notch. Fits perfectly!,Positive,None
959,217,18,18-03-2023,1,I had a bad experience with this product.,Negative,Product Performance
960,231,20,18-05-2023,4,Five stars for the quick delivery.,Positive,None
961,147,4,12-11-2024,2,Disappointed with the performance.,Negative,Product Performance
962,234,20,29-03-2024,5,The quality is top-notch. Fits perfectly!,Positive,None
963,112,4,12-02-2023,2,The product arrived late.,Negative,Delivery
964,32,17,06-08-2023,4,Shipping was fast and the item was well-packaged.,Positive,None
965,287,1,24-09-2024,2,The product arrived late.,Negative,Delivery
966,178,9,21-09-2023,2,The product arrived late.,Negative,Delivery
967,234,18,10-08-2024,5,The quality is top-notch. Fits perfectly!,Positive,None
968,140,18,10-09-2023,4,"Great purchase, very satisfied.",Positive,None
969,131,14,22-11-2023,2,The product arrived late.,Negative,Delivery
970,194,15,11-10-2024,4,Five stars for the quick delivery.,Positive,None
971,199,2,07-07-2023,5,"Excellent product, highly recommend!",Positive,None
972,111,3,17-11-2024,2,The product arrived late.,Negative,Delivery
973,16,14,21-12-2024,3,"Good quality, but could be cheaper.",Mixed Negative,Product Cost
974,213,10,27-02-2023,3,"Average experience, nothing special.",Mixed Negative,Unmet Expectations
975,296,16,12-10-2024,1,I had a bad experience with this product.,Negative,Product Performance
976,156,8,17-10-2024,5,The quality is top-notch. Fits perfectly!,Positive,None
977,272,16,23-07-2024,5,The quality is top-notch. Fits perfectly!,Positive,None
978,109,15,20-06-2024,4,Five stars for the quick delivery.,Positive,None
979,172,8,25-03-2024,5,"Excellent product, highly recommend!",Positive,None
980,65,14,22-06-2024,2,The product arrived late.,Negative,Delivery
981,255,1,22-10-2023,5,"Excellent product, highly recommend!",Positive,None
982,171,11,13-05-2024,2,The product arrived late.,Negative,Delivery
983,51,8,08-10-2024,1,The product stopped working after a month.,Negative,Durability
984,226,7,21-03-2023,4,Shipping was fast and the item was well-packaged.,Positive,None
985,86,4,04-05-2024,1,I had a bad experience with this product.,Negative,Product Performance
986,174,13,21-05-2023,4,Shipping was fast and the item was well-packaged.,Positive,None
987,247,20,08-09-2024,4,Shipping was fast and the item was well-packaged.,Positive,None
988,130,8,21-07-2023,5,"Excellent product, highly recommend!",Positive,None
989,255,18,12-06-2023,2,Product did not meet my expectations.,Negative,Unmet Expectations
990,116,2,27-12-2023,1,I had a bad experience with this product.,Negative,Product Performance
991,245,14,21-03-2024,4,Five stars for the quick delivery.,Positive,None
992,17,17,13-11-2023,5,The quality is top-notch. Fits perfectly!,Positive,None
993,226,17,08-10-2023,1,The product stopped working after a month.,Negative,Durability
994,206,9,14-01-2023,1,Not worth the money.,Negative,Product Cost
995,59,11,28-03-2024,2,Product did not meet my expectations.,Negative,Unmet Expectations
996,151,14,31-01-2024,4,Five stars for the quick delivery.,Positive,None
997,60,20,21-09-2024,1,The product stopped working after a month.,Negative,Durability
998,249,17,09-11-2024,3,"Average experience, nothing special.",Mixed Negative,Unmet Expectations
999,219,11,08-10-2024,4,Five stars for the quick delivery.,Positive,None
1000,162,11,10-11-2024,4,Shipping was fast and the item was well-packaged.,Positive,None
