ContentID,ContentType,Campaign,Likes,Date,Views,Clicks
CNT-10001,BLOG,Campaign_Summer_Boost,5120,2024-06-12,90467,20131
CNT-10002,BLOG,Campaign_Q4_Holiday,12942,2024-08-23,142248,30725
CNT-10003,SOCIAL MEDIA,Campaign_Summer_Boost,6237,2024-06-22,101378,22129
CNT-10004,VIDEO,Campaign_Summer_Boost,2536,2024-11-25,37189,7889
CNT-10005,SOCIAL MEDIA,Campaign_Spring_Sale,12611,2024-08-23,129449,30538
CNT-10006,BLOG,Campaign_Q1_Launch,12336,2024-01-09,147236,29535
CNT-10007,NEWSLETTER,Campaign_Q4_Holiday,2038,2023-02-12,35779,7162
CNT-10008,SOCIAL MEDIA,Campaign_Q1_Launch,8572,2024-09-27,149559,28032
CNT-10009,BLOG,Campaign_Summer_Boost,5883,2023-04-16,83629,18775
CNT-10010,BLOG,Campaign_Q1_Launch,5249,2023-04-28,92115,19413
CNT-10011,BLOG,Campaign_Q1_Launch,11595,2023-10-23,148803,31892
CNT-10012,NEWSLETTER,Campaign_Summer_Boost,1416,2024-03-30,25766,5004
CNT-10013,NEWSLETTER,Campaign_Summer_Boost,8420,2023-08-04,105877,24037
CNT-10014,BLOG,Campaign_Summer_Boost,12949,2024-06-03,148248,31227
CNT-10015,SOCIAL MEDIA,Campaign_Spring_Sale,7696,2024-04-02,132083,27251
CNT-10016,NEWSLETTER,Campaign_Q4_Holiday,9730,2023-07-04,144278,28320
CNT-10017,BLOG,Campaign_Summer_Boost,2822,2023-06-01,45794,8589
CNT-10018,BLOG,Campaign_Spring_Sale,10804,2023-01-18,141491,30529
CNT-10019,NEWSLETTER,Campaign_Q1_Launch,8824,2024-09-06,89717,20854
CNT-10020,BLOG,Campaign_Summer_Boost,6861,2023-04-19,124066,25769
CNT-10021,NEWSLETTER,Campaign_Q4_Holiday,3253,2024-03-07,49752,9544
CNT-10022,NEWSLETTER,Campaign_Q1_Launch,3834,2023-12-18,55380,11064
CNT-10023,VIDEO,Campaign_Spring_Sale,7283,2023-01-22,133070,27393
CNT-10024,NEWSLETTER,Campaign_Summer_Boost,4610,2023-06-06,47486,10776
CNT-10025,NEWSLETTER,Campaign_Spring_Sale,7193,2023-03-06,141530,28849
CNT-10026,BLOG,Campaign_Summer_Boost,2479,2023-04-16,44668,9898
CNT-10027,NEWSLETTER,Campaign_Q1_Launch,2613,2023-12-11,29649,5939
CNT-10028,SOCIAL MEDIA,Campaign_Summer_Boost,9549,2024-01-08,107587,21661
CNT-10029,NEWSLETTER,Campaign_Spring_Sale,3295,2024-11-10,47250,9706
CNT-10030,SOCIAL MEDIA,Campaign_Spring_Sale,11090,2024-05-10,112782,25675
CNT-10031,NEWSLETTER,Campaign_Q4_Holiday,11016,2024-09-19,148424,27196
CNT-10032,BLOG,Campaign_Q1_Launch,8685,2023-04-04,94042,22505
CNT-10033,VIDEO,Campaign_Q4_Holiday,1230,2023-04-01,28320,5596
CNT-10034,BLOG,Campaign_Summer_Boost,11588,2023-04-06,138613,29600
CNT-10035,NEWSLETTER,Campaign_Spring_Sale,4423,2023-02-17,73475,14949
CNT-10036,SOCIAL MEDIA,Campaign_Q1_Launch,7841,2024-06-14,125161,22799
CNT-10037,BLOG,Campaign_Q1_Launch,2029,2024-07-19,38067,6928
CNT-10038,SOCIAL MEDIA,Campaign_Q1_Launch,3009,2023-06-27,39336,7335
CNT-10039,VIDEO,Campaign_Spring_Sale,4982,2024-12-26,121403,23928
CNT-10040,SOCIAL MEDIA,Campaign_Spring_Sale,5242,2024-05-26,71920,17003
CNT-10041,VIDEO,Campaign_Spring_Sale,1452,2024-07-10,15639,3439
CNT-10042,NEWSLETTER,Campaign_Spring_Sale,2376,2024-06-24,31458,6718
CNT-10043,BLOG,Campaign_Summer_Boost,10895,2024-02-27,132910,28068
CNT-10044,NEWSLETTER,Campaign_Q4_Holiday,9912,2023-05-19,120953,23574
CNT-10045,VIDEO,Campaign_Spring_Sale,4391,2023-10-29,93375,19678
CNT-10046,SOCIAL MEDIA,Campaign_Q4_Holiday,6868,2024-02-27,129023,25485
CNT-10047,BLOG,Campaign_Summer_Boost,1617,2023-07-18,22860,4468
CNT-10048,SOCIAL MEDIA,Campaign_Q4_Holiday,8175,2024-10-28,128795,26324
CNT-10049,BLOG,Campaign_Q1_Launch,11910,2023-10-07,139353,28792
CNT-10050,SOCIAL MEDIA,Campaign_Summer_Boost,9040,2023-11-10,116756,24704
CNT-10051,BLOG,Campaign_Q4_Holiday,5884,2024-12-21,71944,17192
CNT-10052,BLOG,Campaign_Spring_Sale,2524,2024-03-23,39078,8934
CNT-10053,NEWSLETTER,Campaign_Summer_Boost,2731,2023-06-06,52794,10123
CNT-10054,NEWSLETTER,Campaign_Q1_Launch,9749,2024-02-02,113312,22220
CNT-10055,NEWSLETTER,Campaign_Q4_Holiday,1737,2024-07-04,31744,7539
CNT-10056,SOCIAL MEDIA,Campaign_Spring_Sale,4071,2024-10-07,53245,10360
CNT-10057,SOCIAL MEDIA,Campaign_Summer_Boost,5785,2023-02-23,115586,24690
CNT-10058,SOCIAL MEDIA,Campaign_Q4_Holiday,5072,2023-10-04,69470,13464
CNT-10059,VIDEO,Campaign_Q4_Holiday,1858,2023-11-05,31861,6124
CNT-10060,BLOG,Campaign_Q4_Holiday,12318,2023-12-04,146450,28510
CNT-10061,BLOG,Campaign_Q4_Holiday,6911,2024-02-13,100341,22129
CNT-10062,BLOG,Campaign_Q4_Holiday,11003,2023-02-25,146705,29799
CNT-10063,BLOG,Campaign_Summer_Boost,1753,2024-02-10,32590,7527
CNT-10064,NEWSLETTER,Campaign_Q4_Holiday,7929,2023-09-28,83455,18222
CNT-10065,SOCIAL MEDIA,Campaign_Q4_Holiday,2929,2024-02-25,73770,14011
CNT-10066,VIDEO,Campaign_Summer_Boost,10914,2023-09-17,128873,25943
CNT-10067,SOCIAL MEDIA,Campaign_Q1_Launch,1363,2024-12-02,31109,6144
CNT-10068,NEWSLETTER,Campaign_Q4_Holiday,3756,2024-01-13,80551,16702
CNT-10069,SOCIAL MEDIA,Campaign_Q1_Launch,5743,2023-04-05,80420,16047
CNT-10070,BLOG,Campaign_Q1_Launch,7605,2023-08-30,104215,21315
CNT-10071,SOCIAL MEDIA,Campaign_Summer_Boost,4009,2023-09-27,98756,18070
CNT-10072,SOCIAL MEDIA,Campaign_Spring_Sale,4610,2024-05-02,63707,14179
CNT-10073,NEWSLETTER,Campaign_Q4_Holiday,4234,2024-08-28,68690,13131
CNT-10074,VIDEO,Campaign_Summer_Boost,3163,2023-01-02,48779,9386
CNT-10075,NEWSLETTER,Campaign_Q1_Launch,7018,2024-05-17,147489,31995
CNT-10076,VIDEO,Campaign_Q1_Launch,7316,2024-06-25,110323,20858
CNT-10077,BLOG,Campaign_Summer_Boost,11516,2023-10-30,135357,31675
CNT-10078,NEWSLETTER,Campaign_Summer_Boost,955,2023-01-20,20486,4097
CNT-10079,SOCIAL MEDIA,Campaign_Summer_Boost,5406,2023-10-24,127516,23684
CNT-10080,SOCIAL MEDIA,Campaign_Summer_Boost,7121,2023-01-07,147068,33722
CNT-10081,NEWSLETTER,Campaign_Q4_Holiday,4369,2023-03-20,111018,20805
CNT-10082,VIDEO,Campaign_Spring_Sale,3252,2024-04-11,51682,9639
CNT-10083,BLOG,Campaign_Summer_Boost,3535,2024-04-02,67734,15537
CNT-10084,SOCIAL MEDIA,Campaign_Spring_Sale,1150,2023-05-10,26462,5213
CNT-10085,NEWSLETTER,Campaign_Summer_Boost,4480,2024-03-11,80250,18296
CNT-10086,NEWSLETTER,Campaign_Summer_Boost,6735,2023-07-26,119370,27616
CNT-10087,NEWSLETTER,Campaign_Q1_Launch,8376,2023-01-23,123480,29398
CNT-10088,NEWSLETTER,Campaign_Spring_Sale,4730,2023-06-03,80679,16718
CNT-10089,NEWSLETTER,Campaign_Q4_Holiday,4426,2024-02-19,51397,12009
CNT-10090,NEWSLETTER,Campaign_Q1_Launch,3044,2023-01-08,52741,10932
CNT-10091,VIDEO,Campaign_Summer_Boost,5801,2024-08-15,129458,27573
CNT-10092,VIDEO,Campaign_Summer_Boost,12713,2023-07-02,136204,32337
CNT-10093,VIDEO,Campaign_Q1_Launch,8897,2023-07-27,115419,23916
CNT-10094,SOCIAL MEDIA,Campaign_Spring_Sale,6229,2023-08-24,110676,25230
CNT-10095,SOCIAL MEDIA,Campaign_Q1_Launch,5955,2024-08-19,112144,22020
CNT-10096,BLOG,Campaign_Q1_Launch,10081,2024-03-28,124734,24928
CNT-10097,BLOG,Campaign_Spring_Sale,4630,2023-08-21,53084,12296
CNT-10098,VIDEO,Campaign_Spring_Sale,6089,2024-02-27,86148,16419
CNT-10099,BLOG,Campaign_Summer_Boost,2219,2023-02-05,43932,9419
CNT-10100,BLOG,Campaign_Q1_Launch,1761,2024-05-31,31985,6377
CNT-10101,VIDEO,Campaign_Summer_Boost,1907,2023-10-19,40828,7471
CNT-10102,NEWSLETTER,Campaign_Summer_Boost,4705,2023-09-01,79962,15469
CNT-10103,VIDEO,Campaign_Summer_Boost,9186,2023-11-06,141351,31453
CNT-10104,SOCIAL MEDIA,Campaign_Q4_Holiday,2106,2023-10-16,28876,5202
CNT-10105,VIDEO,Campaign_Q4_Holiday,7051,2023-02-03,84087,16312
CNT-10106,SOCIAL MEDIA,Campaign_Q1_Launch,10868,2023-10-04,136221,24607
CNT-10107,NEWSLETTER,Campaign_Q1_Launch,2887,2024-12-17,44181,10123
CNT-10108,SOCIAL MEDIA,Campaign_Spring_Sale,5928,2024-08-01,70618,16611
CNT-10109,NEWSLETTER,Campaign_Q1_Launch,11940,2024-01-19,132723,29002
CNT-10110,NEWSLETTER,Campaign_Q1_Launch,8451,2023-02-07,134016,27167
CNT-10111,BLOG,Campaign_Q1_Launch,8873,2024-12-06,144389,34236
CNT-10112,SOCIAL MEDIA,Campaign_Q1_Launch,2939,2024-01-07,33137,7915
CNT-10113,VIDEO,Campaign_Q4_Holiday,4563,2024-05-14,64598,12586
CNT-10114,SOCIAL MEDIA,Campaign_Q4_Holiday,4089,2024-09-08,90372,19756
CNT-10115,BLOG,Campaign_Summer_Boost,2009,2024-10-06,26314,5345
CNT-10116,BLOG,Campaign_Summer_Boost,3663,2023-07-27,54122,12921
CNT-10117,BLOG,Campaign_Q4_Holiday,1872,2024-01-27,20624,4533
CNT-10118,BLOG,Campaign_Q1_Launch,7084,2024-04-25,83409,16975
CNT-10119,BLOG,Campaign_Q4_Holiday,4465,2024-04-05,53588,11743
CNT-10120,VIDEO,Campaign_Spring_Sale,5170,2024-10-08,122654,22269
CNT-10121,NEWSLETTER,Campaign_Q1_Launch,3280,2023-01-21,46793,9998
CNT-10122,VIDEO,Campaign_Q1_Launch,3011,2024-10-26,72745,14997
CNT-10123,VIDEO,Campaign_Summer_Boost,789,2024-04-23,15914,3642
CNT-10124,VIDEO,Campaign_Q1_Launch,5175,2024-02-20,66460,15929
CNT-10125,SOCIAL MEDIA,Campaign_Q1_Launch,9949,2024-11-13,105367,24839
CNT-10126,NEWSLETTER,Campaign_Q4_Holiday,13156,2023-03-28,143698,33204
CNT-10127,BLOG,Campaign_Q4_Holiday,3634,2023-04-13,50161,11128
CNT-10128,VIDEO,Campaign_Summer_Boost,10919,2024-09-06,126883,27768
CNT-10129,NEWSLETTER,Campaign_Summer_Boost,7550,2023-07-27,128774,23396
CNT-10130,BLOG,Campaign_Summer_Boost,8863,2023-04-25,117326,26013
CNT-10131,SOCIAL MEDIA,Campaign_Spring_Sale,2006,2023-05-04,24678,4966
CNT-10132,SOCIAL MEDIA,Campaign_Summer_Boost,10090,2024-08-05,120190,23366
CNT-10133,NEWSLETTER,Campaign_Summer_Boost,2594,2024-01-01,60798,12226
CNT-10134,VIDEO,Campaign_Q4_Holiday,12969,2024-06-21,137414,30893
CNT-10135,NEWSLETTER,Campaign_Q4_Holiday,2999,2023-05-14,64581,13031
CNT-10136,VIDEO,Campaign_Q4_Holiday,8875,2023-10-16,145190,28417
CNT-10137,NEWSLETTER,Campaign_Q4_Holiday,7008,2024-09-29,77588,15706
CNT-10138,BLOG,Campaign_Summer_Boost,4459,2024-09-10,71665,15208
CNT-10139,NEWSLETTER,Campaign_Q1_Launch,4862,2023-03-24,61515,12366
CNT-10140,SOCIAL MEDIA,Campaign_Q1_Launch,8201,2024-08-14,114605,26762
CNT-10141,VIDEO,Campaign_Spring_Sale,5993,2023-04-02,115014,26291
CNT-10142,NEWSLETTER,Campaign_Spring_Sale,5249,2023-08-06,70264,14205
CNT-10143,VIDEO,Campaign_Spring_Sale,6289,2024-10-18,140407,29964
CNT-10144,NEWSLETTER,Campaign_Spring_Sale,7344,2023-12-06,140158,28372
CNT-10145,SOCIAL MEDIA,Campaign_Q4_Holiday,3841,2023-10-11,60000,10991
CNT-10146,NEWSLETTER,Campaign_Summer_Boost,6764,2024-07-25,140843,29612
CNT-10147,SOCIAL MEDIA,Campaign_Q4_Holiday,3842,2024-04-07,66633,13154
CNT-10148,SOCIAL MEDIA,Campaign_Spring_Sale,2327,2024-03-27,48432,9117
CNT-10149,NEWSLETTER,Campaign_Q4_Holiday,4875,2023-09-08,102987,24133
CNT-10150,BLOG,Campaign_Q4_Holiday,9384,2023-02-26,112916,25992
CNT-10151,BLOG,Campaign_Summer_Boost,10145,2024-05-09,141446,31339
CNT-10152,VIDEO,Campaign_Q4_Holiday,7730,2024-11-16,93815,18034
CNT-10153,BLOG,Campaign_Spring_Sale,5172,2023-09-11,94117,20559
CNT-10154,VIDEO,Campaign_Q1_Launch,4430,2024-08-24,101619,21309
CNT-10155,SOCIAL MEDIA,Campaign_Q4_Holiday,2765,2023-02-05,56398,10321
CNT-10156,SOCIAL MEDIA,Campaign_Q4_Holiday,6729,2024-03-03,112821,23358
CNT-10157,SOCIAL MEDIA,Campaign_Summer_Boost,2880,2024-07-02,66663,12797
CNT-10158,NEWSLETTER,Campaign_Q4_Holiday,1240,2023-11-29,16248,3710
CNT-10159,VIDEO,Campaign_Q4_Holiday,7204,2024-10-20,86375,16728
CNT-10160,BLOG,Campaign_Summer_Boost,2982,2023-01-17,42827,7864
CNT-10161,BLOG,Campaign_Spring_Sale,11262,2023-09-24,142607,32339
CNT-10162,SOCIAL MEDIA,Campaign_Summer_Boost,4817,2023-01-02,87982,20278
CNT-10163,VIDEO,Campaign_Q1_Launch,11288,2024-03-01,147364,31350
CNT-10164,VIDEO,Campaign_Spring_Sale,5235,2024-08-23,55795,12596
CNT-10165,SOCIAL MEDIA,Campaign_Summer_Boost,8848,2024-06-25,132518,31574
CNT-10166,BLOG,Campaign_Q1_Launch,2910,2023-02-08,41409,7675
CNT-10167,SOCIAL MEDIA,Campaign_Summer_Boost,5824,2023-04-05,135076,27307
CNT-10168,NEWSLETTER,Campaign_Summer_Boost,3205,2023-12-09,57302,11635
CNT-10169,BLOG,Campaign_Summer_Boost,5965,2023-07-02,124111,29705
CNT-10170,VIDEO,Campaign_Spring_Sale,9267,2024-09-29,104570,23271
CNT-10171,SOCIAL MEDIA,Campaign_Spring_Sale,3466,2023-03-27,80525,17246
CNT-10172,NEWSLETTER,Campaign_Spring_Sale,5300,2023-03-05,92359,17894
CNT-10173,BLOG,Campaign_Summer_Boost,11668,2023-02-21,138806,30691
CNT-10174,NEWSLETTER,Campaign_Q1_Launch,6283,2023-03-20,80492,18962
CNT-10175,VIDEO,Campaign_Q4_Holiday,5017,2023-05-17,108708,20274
CNT-10176,VIDEO,Campaign_Summer_Boost,1678,2023-06-24,37389,8390
CNT-10177,SOCIAL MEDIA,Campaign_Summer_Boost,2695,2024-01-28,42969,8991
CNT-10178,VIDEO,Campaign_Summer_Boost,10286,2024-06-25,129326,25242
CNT-10179,BLOG,Campaign_Summer_Boost,3312,2024-03-21,46941,8989
CNT-10180,NEWSLETTER,Campaign_Summer_Boost,979,2024-09-03,18233,3435
CNT-10181,VIDEO,Campaign_Summer_Boost,11919,2024-07-19,128008,28391
CNT-10182,VIDEO,Campaign_Q4_Holiday,3437,2024-07-15,40927,9004
CNT-10183,SOCIAL MEDIA,Campaign_Q1_Launch,7739,2024-08-29,101296,19313
CNT-10184,SOCIAL MEDIA,Campaign_Spring_Sale,3562,2024-10-20,37451,8571
CNT-10185,VIDEO,Campaign_Summer_Boost,5216,2023-10-04,56951,12200
CNT-10186,VIDEO,Campaign_Summer_Boost,3352,2023-08-10,43877,8646
CNT-10187,BLOG,Campaign_Q4_Holiday,3767,2023-06-22,64692,13897
CNT-10188,NEWSLETTER,Campaign_Summer_Boost,2296,2023-06-16,55327,9977
CNT-10189,VIDEO,Campaign_Q1_Launch,5553,2023-02-22,133023,26354
CNT-10190,BLOG,Campaign_Summer_Boost,9141,2024-06-17,129252,28060
CNT-10191,NEWSLETTER,Campaign_Q4_Holiday,8065,2024-12-08,110417,24010
CNT-10192,SOCIAL MEDIA,Campaign_Q4_Holiday,5287,2023-09-11,63920,15108
CNT-10193,NEWSLETTER,Campaign_Q4_Holiday,10450,2024-03-02,100707,23864
CNT-10194,BLOG,Campaign_Summer_Boost,5023,2023-07-15,47441,11374
CNT-10195,SOCIAL MEDIA,Campaign_Q1_Launch,1136,2023-03-05,21668,5060
CNT-10196,BLOG,Campaign_Spring_Sale,4033,2024-06-30,72076,13416
CNT-10197,SOCIAL MEDIA,Campaign_Spring_Sale,4563,2023-01-13,90974,17374
CNT-10198,SOCIAL MEDIA,Campaign_Spring_Sale,7187,2024-05-03,81007,16498
CNT-10199,VIDEO,Campaign_Spring_Sale,2393,2023-09-10,56444,10193
CNT-10200,BLOG,Campaign_Spring_Sale,5159,2023-02-10,78371,16631
CNT-10201,NEWSLETTER,Campaign_Q4_Holiday,8282,2024-09-25,115890,21066
CNT-10202,SOCIAL MEDIA,Campaign_Q4_Holiday,12063,2023-11-06,126832,28220
CNT-10203,VIDEO,Campaign_Q4_Holiday,7231,2024-04-04,142610,33056
CNT-10204,BLOG,Campaign_Spring_Sale,4496,2023-09-04,91575,21114
CNT-10205,SOCIAL MEDIA,Campaign_Q1_Launch,5305,2024-11-20,112090,25922
CNT-10206,NEWSLETTER,Campaign_Spring_Sale,8167,2023-05-21,89359,20364
CNT-10207,BLOG,Campaign_Summer_Boost,3529,2023-03-08,62932,12959
CNT-10208,NEWSLETTER,Campaign_Spring_Sale,5296,2024-12-27,61630,12888
CNT-10209,SOCIAL MEDIA,Campaign_Summer_Boost,4474,2024-07-18,63570,12279
CNT-10210,SOCIAL MEDIA,Campaign_Spring_Sale,11136,2024-10-03,114962,25163
CNT-10211,SOCIAL MEDIA,Campaign_Q4_Holiday,8547,2023-02-10,126798,26749
CNT-10212,BLOG,Campaign_Spring_Sale,6540,2024-10-28,75882,15262
CNT-10213,SOCIAL MEDIA,Campaign_Q1_Launch,5200,2023-03-24,111263,23891
CNT-10214,NEWSLETTER,Campaign_Spring_Sale,2217,2023-11-16,36200,7929
CNT-10215,NEWSLETTER,Campaign_Q1_Launch,6053,2024-11-02,105749,19078
CNT-10216,VIDEO,Campaign_Q4_Holiday,10849,2024-07-18,140694,28490
CNT-10217,BLOG,Campaign_Summer_Boost,6584,2024-01-22,119726,22971
CNT-10218,NEWSLETTER,Campaign_Q4_Holiday,2805,2023-01-12,47832,10815
CNT-10219,BLOG,Campaign_Summer_Boost,3000,2024-07-19,34125,7393
CNT-10220,BLOG,Campaign_Summer_Boost,4755,2024-01-15,87850,19757
CNT-10221,BLOG,Campaign_Summer_Boost,3269,2023-07-13,41429,7944
CNT-10222,VIDEO,Campaign_Summer_Boost,1470,2024-02-28,32647,6564
CNT-10223,SOCIAL MEDIA,Campaign_Summer_Boost,3870,2023-04-12,43766,10295
CNT-10224,VIDEO,Campaign_Q4_Holiday,6551,2023-08-24,145517,28887
CNT-10225,NEWSLETTER,Campaign_Spring_Sale,10403,2023-01-11,120356,27125
CNT-10226,BLOG,Campaign_Q1_Launch,3863,2023-05-26,81010,14897
CNT-10227,SOCIAL MEDIA,Campaign_Spring_Sale,6530,2024-05-13,83371,15678
CNT-10228,NEWSLETTER,Campaign_Q1_Launch,6355,2023-06-26,67093,15633
CNT-10229,SOCIAL MEDIA,Campaign_Q1_Launch,3383,2024-06-22,51681,10902
CNT-10230,SOCIAL MEDIA,Campaign_Summer_Boost,8118,2023-11-24,95532,21063
CNT-10231,SOCIAL MEDIA,Campaign_Q1_Launch,2434,2023-11-21,33508,7847
CNT-10232,NEWSLETTER,Campaign_Spring_Sale,8644,2023-03-31,145559,33983
CNT-10233,BLOG,Campaign_Spring_Sale,4201,2023-01-17,77549,18567
CNT-10234,NEWSLETTER,Campaign_Spring_Sale,4407,2023-12-09,78107,14311
CNT-10235,BLOG,Campaign_Q1_Launch,1845,2023-04-08,22012,4272
CNT-10236,VIDEO,Campaign_Spring_Sale,10783,2023-04-05,124440,24622
CNT-10237,VIDEO,Campaign_Q1_Launch,2140,2023-03-19,48813,8984
CNT-10238,BLOG,Campaign_Q1_Launch,1830,2023-09-26,37870,7833
CNT-10239,NEWSLETTER,Campaign_Q1_Launch,8748,2024-04-01,126309,27543
CNT-10240,SOCIAL MEDIA,Campaign_Spring_Sale,2204,2024-05-04,31837,6268
CNT-10241,VIDEO,Campaign_Spring_Sale,3123,2024-10-21,48648,11566
CNT-10242,BLOG,Campaign_Q4_Holiday,3974,2023-11-09,82059,15819
CNT-10243,SOCIAL MEDIA,Campaign_Q1_Launch,1169,2023-02-16,26373,5398
CNT-10244,VIDEO,Campaign_Summer_Boost,4335,2023-10-27,118572,21356
CNT-10245,VIDEO,Campaign_Spring_Sale,2657,2024-04-11,46970,9115
CNT-10246,BLOG,Campaign_Spring_Sale,2385,2023-05-31,27405,6118
CNT-10247,SOCIAL MEDIA,Campaign_Spring_Sale,9266,2024-12-10,108674,22321
CNT-10248,NEWSLETTER,Campaign_Spring_Sale,3113,2023-03-20,37304,7809
CNT-10249,NEWSLETTER,Campaign_Q4_Holiday,11334,2024-01-15,143740,29525
CNT-10250,VIDEO,Campaign_Spring_Sale,11107,2023-05-12,146098,30508
CNT-10251,SOCIAL MEDIA,Campaign_Q1_Launch,5752,2023-06-14,73512,15943
CNT-10252,VIDEO,Campaign_Summer_Boost,6466,2024-01-05,147822,30834
CNT-10253,VIDEO,Campaign_Summer_Boost,6434,2024-06-06,98646,19778
CNT-10254,VIDEO,Campaign_Q4_Holiday,4844,2024-12-03,73548,14476
CNT-10255,VIDEO,Campaign_Q4_Holiday,10442,2023-02-11,120575,27338
CNT-10256,SOCIAL MEDIA,Campaign_Q1_Launch,9908,2024-06-06,106183,24696
CNT-10257,BLOG,Campaign_Spring_Sale,3238,2023-11-30,42798,9673
CNT-10258,SOCIAL MEDIA,Campaign_Q4_Holiday,4003,2023-11-10,51754,9418
CNT-10259,SOCIAL MEDIA,Campaign_Spring_Sale,4795,2023-11-20,62893,13011
CNT-10260,BLOG,Campaign_Q1_Launch,6614,2024-03-06,122630,23750
CNT-10261,NEWSLETTER,Campaign_Q1_Launch,4752,2024-10-12,51771,12353
CNT-10262,VIDEO,Campaign_Summer_Boost,5040,2023-07-10,66699,13841
CNT-10263,VIDEO,Campaign_Summer_Boost,6920,2023-12-11,109120,24109
CNT-10264,SOCIAL MEDIA,Campaign_Summer_Boost,6524,2023-02-06,84987,16737
CNT-10265,NEWSLETTER,Campaign_Q4_Holiday,12372,2024-06-22,134546,27996
CNT-10266,SOCIAL MEDIA,Campaign_Spring_Sale,2005,2023-02-09,42748,9649
CNT-10267,NEWSLETTER,Campaign_Spring_Sale,841,2024-09-25,17398,4097
CNT-10268,BLOG,Campaign_Q4_Holiday,3107,2023-10-30,32839,7856
CNT-10269,NEWSLETTER,Campaign_Q1_Launch,8565,2024-12-10,131285,26522
CNT-10270,VIDEO,Campaign_Summer_Boost,1939,2024-12-11,39845,9425
CNT-10271,BLOG,Campaign_Q4_Holiday,8438,2023-09-21,122178,25536
CNT-10272,BLOG,Campaign_Spring_Sale,6587,2024-05-24,128614,24123
CNT-10273,VIDEO,Campaign_Summer_Boost,5888,2023-01-17,123639,25741
CNT-10274,VIDEO,Campaign_Q4_Holiday,8017,2023-06-10,137211,31107
CNT-10275,BLOG,Campaign_Q4_Holiday,2208,2023-08-18,27322,6053
CNT-10276,VIDEO,Campaign_Q4_Holiday,6094,2024-11-06,79034,14864
CNT-10277,NEWSLETTER,Campaign_Q4_Holiday,7151,2023-03-03,82205,17759
CNT-10278,SOCIAL MEDIA,Campaign_Q1_Launch,4880,2023-04-14,83362,18997
CNT-10279,NEWSLETTER,Campaign_Q4_Holiday,11841,2023-09-25,146127,34487
CNT-10280,NEWSLETTER,Campaign_Spring_Sale,5030,2024-06-24,89351,18587
CNT-10281,VIDEO,Campaign_Q1_Launch,3926,2023-10-23,65239,11974
CNT-10282,SOCIAL MEDIA,Campaign_Spring_Sale,3931,2024-01-01,79870,14777
CNT-10283,NEWSLETTER,Campaign_Summer_Boost,1966,2024-04-19,40401,8508
CNT-10284,BLOG,Campaign_Q1_Launch,6685,2023-09-05,139421,25571
CNT-10285,NEWSLETTER,Campaign_Summer_Boost,3569,2024-01-26,66854,14957
CNT-10286,NEWSLETTER,Campaign_Summer_Boost,2129,2024-12-06,22427,5345
CNT-10287,BLOG,Campaign_Spring_Sale,4808,2024-10-26,114599,21577
CNT-10288,SOCIAL MEDIA,Campaign_Spring_Sale,2481,2023-04-22,47367,8733
CNT-10289,VIDEO,Campaign_Q1_Launch,997,2023-01-12,22082,4822
CNT-10290,NEWSLETTER,Campaign_Q1_Launch,6498,2023-07-28,79971,17931
CNT-10291,VIDEO,Campaign_Q1_Launch,6208,2024-11-22,109497,25432
CNT-10292,BLOG,Campaign_Summer_Boost,3881,2024-03-24,57978,12685
CNT-10293,SOCIAL MEDIA,Campaign_Summer_Boost,5296,2023-11-20,67472,14414
CNT-10294,NEWSLETTER,Campaign_Q1_Launch,2477,2024-12-02,47425,10905
CNT-10295,BLOG,Campaign_Summer_Boost,5831,2024-12-19,85814,19228
CNT-10296,VIDEO,Campaign_Summer_Boost,6241,2023-11-21,101363,20158
CNT-10297,SOCIAL MEDIA,Campaign_Q4_Holiday,3844,2023-03-03,48358,10793
CNT-10298,VIDEO,Campaign_Summer_Boost,5645,2023-07-16,96512,22974
CNT-10299,SOCIAL MEDIA,Campaign_Spring_Sale,7878,2023-12-23,106052,22621
CNT-10300,VIDEO,Campaign_Spring_Sale,5780,2024-06-14,102361,23804
CNT-10301,VIDEO,Campaign_Summer_Boost,1704,2023-02-16,22344,5263
CNT-10302,NEWSLETTER,Campaign_Q1_Launch,8834,2023-10-29,133243,30445
CNT-10303,SOCIAL MEDIA,Campaign_Summer_Boost,4609,2024-05-19,62404,12282
CNT-10304,NEWSLETTER,Campaign_Q4_Holiday,6853,2024-08-02,81351,16035
CNT-10305,NEWSLETTER,Campaign_Summer_Boost,4428,2023-02-24,79299,14435
CNT-10306,VIDEO,Campaign_Q4_Holiday,1169,2024-06-07,17283,3511
CNT-10307,SOCIAL MEDIA,Campaign_Q4_Holiday,4581,2024-11-18,93027,19794
CNT-10308,NEWSLETTER,Campaign_Summer_Boost,8186,2024-08-30,110684,25251
CNT-10309,SOCIAL MEDIA,Campaign_Summer_Boost,5888,2024-08-19,91088,19965
CNT-10310,VIDEO,Campaign_Spring_Sale,3492,2023-01-25,46793,8484
CNT-10311,NEWSLETTER,Campaign_Spring_Sale,9498,2023-07-22,109492,21372
CNT-10312,NEWSLETTER,Campaign_Q1_Launch,1903,2024-09-21,39269,8848
CNT-10313,SOCIAL MEDIA,Campaign_Spring_Sale,5245,2023-05-27,81288,16917
CNT-10314,NEWSLETTER,Campaign_Spring_Sale,10200,2023-04-17,109520,24105
CNT-10315,NEWSLETTER,Campaign_Summer_Boost,3792,2023-02-28,67767,12703
CNT-10316,SOCIAL MEDIA,Campaign_Spring_Sale,8384,2024-11-27,112447,20636
CNT-10317,BLOG,Campaign_Spring_Sale,9265,2023-10-01,148304,35009
CNT-10318,SOCIAL MEDIA,Campaign_Q4_Holiday,8873,2024-03-13,108713,20581
CNT-10319,VIDEO,Campaign_Q4_Holiday,6892,2023-12-11,84362,18069
CNT-10320,BLOG,Campaign_Summer_Boost,9526,2023-04-29,107809,24856
CNT-10321,SOCIAL MEDIA,Campaign_Q4_Holiday,4740,2023-10-22,65605,14665
CNT-10322,SOCIAL MEDIA,Campaign_Q4_Holiday,2118,2023-05-29,42910,9085
CNT-10323,BLOG,Campaign_Q1_Launch,4875,2024-02-08,57310,11049
CNT-10324,SOCIAL MEDIA,Campaign_Q4_Holiday,6556,2023-10-05,116571,21698
CNT-10325,VIDEO,Campaign_Summer_Boost,2168,2023-12-11,25599,5035
CNT-10326,BLOG,Campaign_Q1_Launch,2021,2024-05-31,36173,6865
CNT-10327,VIDEO,Campaign_Q1_Launch,1673,2024-12-25,19170,3853
CNT-10328,SOCIAL MEDIA,Campaign_Spring_Sale,1884,2024-11-26,24925,5199
CNT-10329,BLOG,Campaign_Summer_Boost,5862,2023-05-19,59487,13538
CNT-10330,NEWSLETTER,Campaign_Q4_Holiday,8042,2023-07-31,143547,29985
CNT-10331,SOCIAL MEDIA,Campaign_Summer_Boost,6325,2024-10-16,84466,16303
CNT-10332,NEWSLETTER,Campaign_Spring_Sale,3671,2023-08-10,49915,11127
CNT-10333,NEWSLETTER,Campaign_Spring_Sale,2358,2023-02-12,35922,8243
CNT-10334,VIDEO,Campaign_Spring_Sale,6394,2023-06-19,114445,20609
CNT-10335,VIDEO,Campaign_Summer_Boost,5481,2024-12-14,65779,15368
CNT-10336,NEWSLETTER,Campaign_Q4_Holiday,6568,2024-01-05,104985,20261
CNT-10337,BLOG,Campaign_Q4_Holiday,3091,2023-07-05,80175,14967
CNT-10338,VIDEO,Campaign_Spring_Sale,1753,2024-11-12,32168,6863
CNT-10339,BLOG,Campaign_Q1_Launch,12473,2024-04-23,139861,30400
CNT-10340,NEWSLETTER,Campaign_Spring_Sale,3597,2023-07-17,42643,10189
CNT-10341,BLOG,Campaign_Q1_Launch,4341,2023-06-13,96616,20389
CNT-10342,NEWSLETTER,Campaign_Summer_Boost,1411,2023-01-19,22025,4658
CNT-10343,VIDEO,Campaign_Q1_Launch,5426,2024-11-01,138750,26229
CNT-10344,NEWSLETTER,Campaign_Q1_Launch,3054,2024-08-21,56057,13264
CNT-10345,BLOG,Campaign_Summer_Boost,5435,2024-12-17,62182,12107
CNT-10346,BLOG,Campaign_Q4_Holiday,1181,2023-12-02,24909,4680
CNT-10347,NEWSLETTER,Campaign_Summer_Boost,2918,2024-09-27,45143,9372
CNT-10348,VIDEO,Campaign_Spring_Sale,4569,2024-07-18,58869,11290
CNT-10349,VIDEO,Campaign_Q4_Holiday,996,2023-03-10,15793,3682
CNT-10350,NEWSLETTER,Campaign_Summer_Boost,1371,2023-10-14,18089,3439
CNT-10351,VIDEO,Campaign_Spring_Sale,1278,2024-07-13,21296,3893
CNT-10352,NEWSLETTER,Campaign_Q4_Holiday,8892,2023-11-29,106632,22493
CNT-10353,BLOG,Campaign_Summer_Boost,1204,2023-04-10,16280,3504
CNT-10354,BLOG,Campaign_Summer_Boost,2117,2024-03-24,26296,5201
CNT-10355,SOCIAL MEDIA,Campaign_Spring_Sale,6560,2024-02-07,117452,24046
CNT-10356,SOCIAL MEDIA,Campaign_Q4_Holiday,5684,2023-04-17,61656,12954
CNT-10357,VIDEO,Campaign_Summer_Boost,3647,2023-08-20,50214,9157
CNT-10358,BLOG,Campaign_Summer_Boost,2224,2024-02-15,27054,5976
CNT-10359,SOCIAL MEDIA,Campaign_Q1_Launch,8800,2023-07-18,142662,33183
CNT-10360,BLOG,Campaign_Spring_Sale,6651,2024-01-22,90113,16796
CNT-10361,NEWSLETTER,Campaign_Summer_Boost,2080,2024-07-27,23785,4911
CNT-10362,NEWSLETTER,Campaign_Summer_Boost,7159,2023-03-30,97487,20159
CNT-10363,VIDEO,Campaign_Q4_Holiday,6388,2024-03-15,129492,26864
CNT-10364,BLOG,Campaign_Q1_Launch,7883,2024-08-15,147121,30432
CNT-10365,NEWSLETTER,Campaign_Summer_Boost,3170,2023-06-13,71787,14879
CNT-10366,BLOG,Campaign_Spring_Sale,2397,2024-11-23,43708,8998
CNT-10367,SOCIAL MEDIA,Campaign_Summer_Boost,5903,2023-01-15,79709,19065
CNT-10368,BLOG,Campaign_Q4_Holiday,995,2024-08-26,15719,3105
CNT-10369,SOCIAL MEDIA,Campaign_Q4_Holiday,6344,2024-04-02,105324,19389
CNT-10370,BLOG,Campaign_Q4_Holiday,6278,2024-08-26,61775,14773
CNT-10371,SOCIAL MEDIA,Campaign_Q1_Launch,7006,2023-06-12,72822,16027
CNT-10372,NEWSLETTER,Campaign_Spring_Sale,5444,2024-01-08,104729,23729
CNT-10373,NEWSLETTER,Campaign_Q4_Holiday,3619,2023-09-13,63389,15171
CNT-10374,VIDEO,Campaign_Q1_Launch,7078,2024-08-12,104499,21680
CNT-10375,BLOG,Campaign_Q1_Launch,8130,2023-07-05,111314,21600
CNT-10376,BLOG,Campaign_Q4_Holiday,7176,2023-01-01,114787,20797
CNT-10377,BLOG,Campaign_Q4_Holiday,5086,2024-12-15,70799,14473
CNT-10378,SOCIAL MEDIA,Campaign_Q1_Launch,4253,2023-09-09,68001,15919
CNT-10379,NEWSLETTER,Campaign_Summer_Boost,3980,2024-03-20,64557,12104
CNT-10380,BLOG,Campaign_Q4_Holiday,6189,2024-05-25,130655,29917
CNT-10381,VIDEO,Campaign_Q4_Holiday,1290,2024-01-22,26528,4814
CNT-10382,VIDEO,Campaign_Summer_Boost,4719,2023-02-22,77813,15161
CNT-10383,BLOG,Campaign_Q1_Launch,14482,2023-10-18,142978,34244
CNT-10384,SOCIAL MEDIA,Campaign_Q4_Holiday,9166,2024-01-26,129735,23994
CNT-10385,SOCIAL MEDIA,Campaign_Q4_Holiday,5441,2024-01-02,129468,24752
CNT-10386,NEWSLETTER,Campaign_Q4_Holiday,8309,2023-09-19,93918,21596
CNT-10387,BLOG,Campaign_Q4_Holiday,5666,2024-07-06,127481,23879
CNT-10388,NEWSLETTER,Campaign_Summer_Boost,2062,2024-01-06,32581,6400
CNT-10389,SOCIAL MEDIA,Campaign_Q1_Launch,5774,2024-05-30,80717,15056
CNT-10390,NEWSLETTER,Campaign_Spring_Sale,6345,2024-08-08,124645,23985
CNT-10391,SOCIAL MEDIA,Campaign_Q1_Launch,4074,2024-08-13,57213,10766
CNT-10392,SOCIAL MEDIA,Campaign_Q1_Launch,4285,2024-04-17,97324,20807
CNT-10393,VIDEO,Campaign_Spring_Sale,2274,2023-10-07,51336,11278
CNT-10394,BLOG,Campaign_Summer_Boost,10334,2023-03-14,125076,25916
CNT-10395,BLOG,Campaign_Summer_Boost,3113,2024-12-13,43957,9848
CNT-10396,NEWSLETTER,Campaign_Q4_Holiday,1014,2024-08-26,16852,3333
CNT-10397,SOCIAL MEDIA,Campaign_Q1_Launch,3376,2023-11-14,40881,8344
CNT-10398,BLOG,Campaign_Q4_Holiday,9976,2024-11-14,120033,25146
CNT-10399,NEWSLETTER,Campaign_Q4_Holiday,9797,2024-01-30,112633,25791
CNT-10400,NEWSLETTER,Campaign_Summer_Boost,7115,2023-12-28,141001,33608
CNT-10401,SOCIAL MEDIA,Campaign_Q1_Launch,13905,2024-10-18,146107,32183
CNT-10402,SOCIAL MEDIA,Campaign_Q4_Holiday,5400,2023-07-09,96487,19275
CNT-10403,VIDEO,Campaign_Q4_Holiday,6960,2024-07-04,110356,20274
CNT-10404,NEWSLETTER,Campaign_Spring_Sale,7226,2024-01-05,146407,30636
CNT-10405,BLOG,Campaign_Summer_Boost,3049,2024-12-04,52157,9909
CNT-10406,BLOG,Campaign_Q1_Launch,6995,2024-07-03,123568,28843
CNT-10407,NEWSLETTER,Campaign_Spring_Sale,7828,2023-03-05,128192,29113
CNT-10408,NEWSLETTER,Campaign_Q4_Holiday,4250,2024-03-18,51619,10236
CNT-10409,SOCIAL MEDIA,Campaign_Q1_Launch,6278,2023-09-21,79422,15069
CNT-10410,SOCIAL MEDIA,Campaign_Q1_Launch,4565,2024-08-03,65850,12204
CNT-10411,SOCIAL MEDIA,Campaign_Spring_Sale,1072,2023-04-25,20195,4721
CNT-10412,BLOG,Campaign_Q1_Launch,7857,2023-11-28,119984,24143
CNT-10413,BLOG,Campaign_Q4_Holiday,7479,2023-12-31,98829,19992
CNT-10414,SOCIAL MEDIA,Campaign_Q4_Holiday,2286,2024-02-26,42352,8496
CNT-10415,NEWSLETTER,Campaign_Summer_Boost,9616,2023-08-05,105817,21934
CNT-10416,BLOG,Campaign_Q1_Launch,13338,2023-07-24,133768,31764
CNT-10417,NEWSLETTER,Campaign_Q1_Launch,6915,2024-03-10,78317,15639
CNT-10418,NEWSLETTER,Campaign_Spring_Sale,5237,2024-08-11,68302,15605
CNT-10419,BLOG,Campaign_Q4_Holiday,5392,2023-05-25,80624,14842
CNT-10420,BLOG,Campaign_Q4_Holiday,2096,2024-08-20,27035,5989
CNT-10421,VIDEO,Campaign_Q4_Holiday,2924,2024-09-09,48792,9554
CNT-10422,BLOG,Campaign_Q4_Holiday,6741,2023-07-20,125337,27852
CNT-10423,NEWSLETTER,Campaign_Summer_Boost,4358,2023-04-30,51015,10503
CNT-10424,NEWSLETTER,Campaign_Q4_Holiday,4578,2024-09-12,65132,13420
CNT-10425,VIDEO,Campaign_Q1_Launch,1345,2024-05-21,16028,3011
CNT-10426,VIDEO,Campaign_Q1_Launch,8646,2023-05-11,97000,22442
CNT-10427,VIDEO,Campaign_Spring_Sale,10894,2023-05-08,134064,25409
CNT-10428,BLOG,Campaign_Q1_Launch,2395,2024-01-27,25869,5640
CNT-10429,SOCIAL MEDIA,Campaign_Summer_Boost,4330,2023-02-06,85952,17622
CNT-10430,VIDEO,Campaign_Q4_Holiday,5394,2023-08-30,103232,21214
CNT-10431,SOCIAL MEDIA,Campaign_Summer_Boost,1411,2023-05-15,24560,5189
CNT-10432,NEWSLETTER,Campaign_Spring_Sale,6485,2023-10-11,99681,19381
CNT-10433,VIDEO,Campaign_Spring_Sale,1769,2024-09-01,29065,6353
CNT-10434,BLOG,Campaign_Q1_Launch,4363,2023-10-17,86736,20264
CNT-10435,BLOG,Campaign_Spring_Sale,5228,2023-01-15,105839,19363
CNT-10436,SOCIAL MEDIA,Campaign_Spring_Sale,5520,2024-10-17,63259,13343
CNT-10437,NEWSLETTER,Campaign_Q1_Launch,2032,2023-07-27,51625,10113
CNT-10438,VIDEO,Campaign_Q1_Launch,846,2024-07-24,18152,3777
CNT-10439,SOCIAL MEDIA,Campaign_Spring_Sale,5849,2023-05-13,101126,22465
CNT-10440,NEWSLETTER,Campaign_Q4_Holiday,4401,2023-09-21,72832,15248
CNT-10441,NEWSLETTER,Campaign_Q4_Holiday,2052,2024-05-02,32005,6601
CNT-10442,SOCIAL MEDIA,Campaign_Summer_Boost,8488,2023-10-23,99014,19664
CNT-10443,NEWSLETTER,Campaign_Q1_Launch,4393,2023-04-19,62113,14568
CNT-10444,BLOG,Campaign_Spring_Sale,5643,2023-05-11,71926,16393
CNT-10445,BLOG,Campaign_Spring_Sale,12372,2023-03-12,136286,30319
CNT-10446,BLOG,Campaign_Q1_Launch,2067,2023-08-16,40748,7842
CNT-10447,SOCIAL MEDIA,Campaign_Q1_Launch,8699,2024-07-06,129468,24528
CNT-10448,BLOG,Campaign_Spring_Sale,6588,2023-08-09,90503,20701
CNT-10449,VIDEO,Campaign_Spring_Sale,2190,2024-12-06,26377,5097
CNT-10450,VIDEO,Campaign_Spring_Sale,6842,2024-12-14,130763,26256
CNT-10451,BLOG,Campaign_Summer_Boost,6645,2023-10-22,136099,29952
CNT-10452,SOCIAL MEDIA,Campaign_Q1_Launch,2909,2023-07-01,38480,7899
CNT-10453,VIDEO,Campaign_Q4_Holiday,4576,2023-10-10,100249,21641
CNT-10454,BLOG,Campaign_Spring_Sale,5856,2023-10-01,118251,23067
CNT-10455,BLOG,Campaign_Summer_Boost,6228,2024-07-30,70119,16086
CNT-10456,NEWSLETTER,Campaign_Q1_Launch,5718,2024-12-25,81291,15351
CNT-10457,VIDEO,Campaign_Q1_Launch,7170,2024-03-28,136474,29717
CNT-10458,NEWSLETTER,Campaign_Spring_Sale,6114,2024-10-04,98660,18689
CNT-10459,NEWSLETTER,Campaign_Summer_Boost,9238,2023-08-12,141459,26365
CNT-10460,SOCIAL MEDIA,Campaign_Summer_Boost,2775,2023-02-14,72159,13159
CNT-10461,VIDEO,Campaign_Q4_Holiday,3614,2024-06-10,70497,15371
CNT-10462,NEWSLETTER,Campaign_Q4_Holiday,8328,2024-01-14,131901,30743
CNT-10463,NEWSLETTER,Campaign_Q1_Launch,9740,2024-04-18,140680,26721
CNT-10464,VIDEO,Campaign_Spring_Sale,5447,2023-08-10,90836,17845
CNT-10465,SOCIAL MEDIA,Campaign_Spring_Sale,5965,2024-11-17,90246,20684
CNT-10466,NEWSLETTER,Campaign_Summer_Boost,2482,2023-07-25,32054,6412
CNT-10467,BLOG,Campaign_Q1_Launch,6836,2023-03-11,137038,27237
CNT-10468,BLOG,Campaign_Q1_Launch,10966,2024-01-03,145992,29746
CNT-10469,BLOG,Campaign_Q4_Holiday,4654,2024-10-17,100775,22910
CNT-10470,SOCIAL MEDIA,Campaign_Spring_Sale,7087,2024-08-06,132362,29733
CNT-10471,NEWSLETTER,Campaign_Summer_Boost,3983,2024-07-31,82184,17936
CNT-10472,SOCIAL MEDIA,Campaign_Spring_Sale,3709,2023-12-13,48523,9683
CNT-10473,BLOG,Campaign_Q4_Holiday,6409,2024-10-18,111538,25692
CNT-10474,SOCIAL MEDIA,Campaign_Spring_Sale,6116,2023-03-13,142054,28949
CNT-10475,BLOG,Campaign_Spring_Sale,5428,2024-09-25,127628,25323
CNT-10476,NEWSLETTER,Campaign_Q1_Launch,2194,2023-07-03,35310,6823
CNT-10477,SOCIAL MEDIA,Campaign_Q1_Launch,1044,2024-10-15,19231,4176
CNT-10478,SOCIAL MEDIA,Campaign_Summer_Boost,3389,2024-10-15,64857,14032
CNT-10479,BLOG,Campaign_Q1_Launch,3104,2023-11-09,37793,8427
CNT-10480,NEWSLETTER,Campaign_Spring_Sale,6063,2024-11-24,83236,15110
CNT-10481,BLOG,Campaign_Spring_Sale,2182,2023-08-06,29269,6886
CNT-10482,BLOG,Campaign_Q4_Holiday,8906,2023-02-21,120611,25023
CNT-10483,NEWSLETTER,Campaign_Spring_Sale,5882,2024-02-06,96449,19116
CNT-10484,NEWSLETTER,Campaign_Summer_Boost,5591,2023-01-05,73190,15068
CNT-10485,BLOG,Campaign_Spring_Sale,10776,2023-12-31,122079,25677
CNT-10486,VIDEO,Campaign_Summer_Boost,6267,2024-10-10,102920,22102
CNT-10487,NEWSLETTER,Campaign_Spring_Sale,9372,2024-08-02,139970,31852
CNT-10488,SOCIAL MEDIA,Campaign_Spring_Sale,4014,2023-06-12,52421,10465
CNT-10489,NEWSLETTER,Campaign_Spring_Sale,8885,2024-07-07,94736,21132
CNT-10490,SOCIAL MEDIA,Campaign_Q4_Holiday,1758,2023-07-01,29379,6570
CNT-10491,SOCIAL MEDIA,Campaign_Spring_Sale,7441,2024-03-16,81405,17769
CNT-10492,NEWSLETTER,Campaign_Q4_Holiday,1752,2023-11-02,42618,7788
CNT-10493,NEWSLETTER,Campaign_Q1_Launch,2755,2024-02-10,27634,6599
CNT-10494,SOCIAL MEDIA,Campaign_Q4_Holiday,11593,2023-06-23,138437,32748
CNT-10495,BLOG,Campaign_Summer_Boost,7415,2024-11-27,81799,19089
CNT-10496,BLOG,Campaign_Q1_Launch,7754,2023-03-30,126999,27596
CNT-10497,SOCIAL MEDIA,Campaign_Summer_Boost,5387,2024-07-07,86584,15829
CNT-10498,SOCIAL MEDIA,Campaign_Spring_Sale,2973,2023-05-05,41606,8848
CNT-10499,NEWSLETTER,Campaign_Spring_Sale,6143,2023-05-19,85216,17736
CNT-10500,SOCIAL MEDIA,Campaign_Q4_Holiday,12372,2024-10-08,144455,31223
CNT-10501,VIDEO,Campaign_Q1_Launch,4273,2023-03-20,56353,10684
CNT-10502,NEWSLETTER,Campaign_Spring_Sale,2458,2023-02-01,40113,8426
CNT-10503,VIDEO,Campaign_Spring_Sale,4876,2023-08-10,78035,16761
CNT-10504,VIDEO,Campaign_Spring_Sale,5368,2024-12-03,78534,17970
CNT-10505,SOCIAL MEDIA,Campaign_Q1_Launch,7191,2023-07-01,91307,20642
CNT-10506,VIDEO,Campaign_Spring_Sale,6781,2024-07-16,142148,25974
CNT-10507,NEWSLETTER,Campaign_Q4_Holiday,2662,2024-09-29,64098,11672
CNT-10508,BLOG,Campaign_Q1_Launch,5789,2024-05-12,79195,14719
CNT-10509,BLOG,Campaign_Q4_Holiday,676,2023-04-18,18602,3357
CNT-10510,VIDEO,Campaign_Q4_Holiday,10832,2023-08-06,113623,26375
CNT-10511,SOCIAL MEDIA,Campaign_Summer_Boost,5371,2023-08-12,95978,20325
CNT-10512,NEWSLETTER,Campaign_Q1_Launch,7360,2024-05-19,112705,26461
CNT-10513,BLOG,Campaign_Q4_Holiday,3751,2023-03-01,45217,8447
CNT-10514,NEWSLETTER,Campaign_Q1_Launch,3479,2023-07-10,49963,10440
CNT-10515,VIDEO,Campaign_Summer_Boost,1372,2024-06-16,28953,5292
CNT-10516,VIDEO,Campaign_Spring_Sale,6638,2023-04-27,89195,19411
CNT-10517,SOCIAL MEDIA,Campaign_Spring_Sale,4037,2023-01-13,58969,11015
CNT-10518,VIDEO,Campaign_Summer_Boost,5089,2024-07-13,71280,13591
CNT-10519,SOCIAL MEDIA,Campaign_Spring_Sale,6387,2023-06-14,106829,20427
CNT-10520,BLOG,Campaign_Spring_Sale,1358,2023-04-25,26254,6118
CNT-10521,VIDEO,Campaign_Q4_Holiday,11214,2023-06-19,137505,29404
CNT-10522,SOCIAL MEDIA,Campaign_Spring_Sale,5036,2023-03-27,116260,24373
CNT-10523,NEWSLETTER,Campaign_Q4_Holiday,11036,2024-04-24,147523,27535
CNT-10524,NEWSLETTER,Campaign_Spring_Sale,719,2023-07-13,16850,3214
CNT-10525,NEWSLETTER,Campaign_Summer_Boost,3160,2023-01-17,59377,12228
CNT-10526,SOCIAL MEDIA,Campaign_Spring_Sale,1530,2024-05-09,25694,5572
CNT-10527,BLOG,Campaign_Spring_Sale,1528,2024-01-05,21070,4150
CNT-10528,SOCIAL MEDIA,Campaign_Q1_Launch,4325,2023-12-17,88665,20105
CNT-10529,VIDEO,Campaign_Q4_Holiday,4546,2023-09-23,99502,22658
CNT-10530,BLOG,Campaign_Spring_Sale,6028,2023-03-05,91339,18703
CNT-10531,SOCIAL MEDIA,Campaign_Q4_Holiday,8984,2024-05-18,147175,28703
CNT-10532,VIDEO,Campaign_Q1_Launch,6482,2024-02-07,74564,17878
CNT-10533,BLOG,Campaign_Summer_Boost,1678,2023-11-26,25574,5124
CNT-10534,BLOG,Campaign_Q1_Launch,1873,2023-06-21,37075,7780
CNT-10535,NEWSLETTER,Campaign_Q4_Holiday,4340,2023-07-11,78537,18518
CNT-10536,VIDEO,Campaign_Q1_Launch,4194,2023-04-03,76933,14450
CNT-10537,SOCIAL MEDIA,Campaign_Q1_Launch,3935,2023-07-20,65666,12827
CNT-10538,NEWSLETTER,Campaign_Q1_Launch,2778,2024-01-08,34135,7958
CNT-10539,VIDEO,Campaign_Spring_Sale,4800,2023-03-09,94390,17224
CNT-10540,NEWSLETTER,Campaign_Summer_Boost,12077,2024-04-16,139418,31803
CNT-10541,VIDEO,Campaign_Q4_Holiday,7959,2024-03-26,86176,18307
CNT-10542,NEWSLETTER,Campaign_Q4_Holiday,3206,2023-09-18,66181,14417
CNT-10543,VIDEO,Campaign_Q4_Holiday,1177,2024-12-02,21616,4290
CNT-10544,VIDEO,Campaign_Spring_Sale,4283,2023-04-13,46580,9998
CNT-10545,BLOG,Campaign_Summer_Boost,9549,2024-04-20,121659,25547
CNT-10546,NEWSLETTER,Campaign_Q4_Holiday,2060,2023-10-02,33671,7241
CNT-10547,NEWSLETTER,Campaign_Q1_Launch,2879,2023-04-07,40279,8419
CNT-10548,NEWSLETTER,Campaign_Q4_Holiday,8249,2024-05-09,95327,19052
CNT-10549,NEWSLETTER,Campaign_Q1_Launch,4166,2024-07-22,48799,11373
CNT-10550,VIDEO,Campaign_Summer_Boost,7003,2024-05-31,106752,25346
CNT-10551,SOCIAL MEDIA,Campaign_Q4_Holiday,8356,2023-07-14,135703,29776
CNT-10552,SOCIAL MEDIA,Campaign_Q1_Launch,8477,2023-07-06,107618,23478
CNT-10553,BLOG,Campaign_Q4_Holiday,5040,2023-06-28,76792,15484
CNT-10554,NEWSLETTER,Campaign_Spring_Sale,4768,2024-12-18,64853,12509
CNT-10555,NEWSLETTER,Campaign_Q1_Launch,3386,2024-09-19,57836,12839
CNT-10556,SOCIAL MEDIA,Campaign_Q4_Holiday,8498,2024-06-25,126067,24170
CNT-10557,BLOG,Campaign_Q4_Holiday,5089,2024-11-24,90020,19086
CNT-10558,NEWSLETTER,Campaign_Spring_Sale,5894,2024-11-24,75953,15125
CNT-10559,BLOG,Campaign_Spring_Sale,5692,2024-07-20,77848,16828
CNT-10560,NEWSLETTER,Campaign_Q4_Holiday,10197,2024-04-29,121236,23030
CNT-10561,SOCIAL MEDIA,Campaign_Summer_Boost,7061,2023-01-04,74178,17048
CNT-10562,NEWSLETTER,Campaign_Spring_Sale,2086,2023-07-19,29816,6891
CNT-10563,SOCIAL MEDIA,Campaign_Summer_Boost,2125,2023-05-17,30492,5702
CNT-10564,VIDEO,Campaign_Summer_Boost,6976,2024-12-06,119427,26439
CNT-10565,BLOG,Campaign_Spring_Sale,5800,2024-06-24,123947,23885
CNT-10566,NEWSLETTER,Campaign_Spring_Sale,4340,2023-10-18,71924,13787
CNT-10567,BLOG,Campaign_Summer_Boost,8443,2024-10-30,110369,22270
CNT-10568,BLOG,Campaign_Spring_Sale,8660,2023-03-28,86013,19978
CNT-10569,VIDEO,Campaign_Q1_Launch,11633,2023-09-29,137470,27545
CNT-10570,BLOG,Campaign_Summer_Boost,7409,2023-03-24,140318,30658
CNT-10571,BLOG,Campaign_Spring_Sale,6200,2024-01-11,93710,18996
CNT-10572,VIDEO,Campaign_Spring_Sale,3536,2023-10-07,44161,8274
CNT-10573,NEWSLETTER,Campaign_Spring_Sale,4838,2024-08-23,80975,17785
CNT-10574,NEWSLETTER,Campaign_Spring_Sale,4217,2023-08-08,81371,16799
CNT-10575,NEWSLETTER,Campaign_Summer_Boost,3834,2023-03-04,45999,9273
CNT-10576,NEWSLETTER,Campaign_Summer_Boost,4030,2024-10-28,46255,9050
CNT-10577,VIDEO,Campaign_Spring_Sale,6278,2024-12-04,87865,18346
CNT-10578,SOCIAL MEDIA,Campaign_Q1_Launch,9959,2024-07-25,104025,24702
CNT-10579,SOCIAL MEDIA,Campaign_Summer_Boost,10085,2023-01-27,100008,22442
CNT-10580,VIDEO,Campaign_Spring_Sale,4538,2023-09-02,80796,16504
CNT-10581,NEWSLETTER,Campaign_Q4_Holiday,4525,2024-10-12,59037,11719
CNT-10582,VIDEO,Campaign_Summer_Boost,6840,2024-08-27,123989,22416
CNT-10583,NEWSLETTER,Campaign_Q1_Launch,1850,2024-10-03,21942,4446
CNT-10584,NEWSLETTER,Campaign_Spring_Sale,10892,2023-05-31,131883,30964
CNT-10585,VIDEO,Campaign_Q4_Holiday,1014,2023-03-21,24692,5016
CNT-10586,BLOG,Campaign_Q4_Holiday,1499,2023-04-21,36895,7415
CNT-10587,SOCIAL MEDIA,Campaign_Summer_Boost,1313,2023-03-25,15583,2934
CNT-10588,NEWSLETTER,Campaign_Q1_Launch,1412,2023-07-11,15431,3619
CNT-10589,NEWSLETTER,Campaign_Spring_Sale,12414,2024-06-07,123953,28180
CNT-10590,SOCIAL MEDIA,Campaign_Spring_Sale,2257,2024-02-05,44575,10498
CNT-10591,VIDEO,Campaign_Summer_Boost,3643,2024-04-18,92426,17418
CNT-10592,NEWSLETTER,Campaign_Q4_Holiday,7458,2023-02-03,133661,28110
CNT-10593,VIDEO,Campaign_Q1_Launch,6817,2023-05-20,89951,16648
CNT-10594,BLOG,Campaign_Q4_Holiday,1040,2024-05-15,18628,4070
CNT-10595,SOCIAL MEDIA,Campaign_Spring_Sale,10312,2024-08-15,125923,23177
CNT-10596,BLOG,Campaign_Spring_Sale,8414,2024-09-06,99425,22310
CNT-10597,BLOG,Campaign_Q4_Holiday,8207,2023-08-07,99847,21924
CNT-10598,NEWSLETTER,Campaign_Spring_Sale,3806,2024-05-04,75194,13664
CNT-10599,NEWSLETTER,Campaign_Spring_Sale,4939,2023-11-16,117223,24219
CNT-10600,VIDEO,Campaign_Q1_Launch,8446,2024-11-19,111723,24042
CNT-10601,VIDEO,Campaign_Summer_Boost,1479,2023-08-24,16164,3658
CNT-10602,VIDEO,Campaign_Spring_Sale,7674,2023-01-27,104391,24885
CNT-10603,SOCIAL MEDIA,Campaign_Summer_Boost,11722,2024-03-11,122430,26584
CNT-10604,VIDEO,Campaign_Q4_Holiday,5237,2024-02-07,70437,14188
CNT-10605,VIDEO,Campaign_Q4_Holiday,9270,2023-03-31,100630,23216
CNT-10606,VIDEO,Campaign_Q1_Launch,8582,2024-11-10,146179,28864
CNT-10607,SOCIAL MEDIA,Campaign_Q4_Holiday,6030,2023-04-17,96474,22218
CNT-10608,VIDEO,Campaign_Spring_Sale,4812,2024-05-28,87724,17607
CNT-10609,BLOG,Campaign_Spring_Sale,5277,2023-06-11,99318,20292
CNT-10610,BLOG,Campaign_Spring_Sale,12245,2024-08-27,138372,31323
CNT-10611,BLOG,Campaign_Q1_Launch,8989,2024-11-29,132247,29539
CNT-10612,BLOG,Campaign_Summer_Boost,10163,2023-09-16,135257,31618
CNT-10613,BLOG,Campaign_Spring_Sale,4548,2023-12-05,101575,18746
CNT-10614,BLOG,Campaign_Q4_Holiday,12645,2023-02-22,135052,30736
CNT-10615,VIDEO,Campaign_Q4_Holiday,9358,2024-05-06,100097,22659
CNT-10616,SOCIAL MEDIA,Campaign_Summer_Boost,6109,2024-10-01,127225,25402
CNT-10617,NEWSLETTER,Campaign_Q4_Holiday,6249,2024-07-31,81793,18053
CNT-10618,VIDEO,Campaign_Spring_Sale,2583,2023-12-14,30786,7056
CNT-10619,BLOG,Campaign_Q1_Launch,7943,2023-04-02,129729,23358
CNT-10620,BLOG,Campaign_Q1_Launch,2918,2023-11-24,48791,9610
CNT-10621,NEWSLETTER,Campaign_Summer_Boost,5646,2023-03-12,73032,16814
CNT-10622,SOCIAL MEDIA,Campaign_Q4_Holiday,7141,2024-09-21,113334,25197
CNT-10623,BLOG,Campaign_Q4_Holiday,2529,2023-06-21,33434,6644
CNT-10624,VIDEO,Campaign_Summer_Boost,1516,2024-02-12,30610,6448
CNT-10625,SOCIAL MEDIA,Campaign_Spring_Sale,4292,2024-06-23,84064,19596
CNT-10626,NEWSLETTER,Campaign_Q4_Holiday,4409,2024-10-28,64507,13348
CNT-10627,NEWSLETTER,Campaign_Summer_Boost,5274,2023-02-12,64438,14146
CNT-10628,BLOG,Campaign_Q1_Launch,2705,2024-01-29,32290,6744
CNT-10629,VIDEO,Campaign_Spring_Sale,6255,2024-11-24,68040,16270
CNT-10630,SOCIAL MEDIA,Campaign_Q1_Launch,9202,2023-03-30,147278,33713
CNT-10631,BLOG,Campaign_Spring_Sale,11403,2023-02-25,125005,27396
CNT-10632,SOCIAL MEDIA,Campaign_Q1_Launch,3957,2024-07-20,67223,12451
CNT-10633,VIDEO,Campaign_Spring_Sale,1537,2024-03-01,32514,5913
CNT-10634,NEWSLETTER,Campaign_Q4_Holiday,13632,2024-04-10,145723,34444
CNT-10635,SOCIAL MEDIA,Campaign_Q4_Holiday,7425,2023-11-15,104671,23646
CNT-10636,BLOG,Campaign_Summer_Boost,7859,2023-08-02,93327,18651
CNT-10637,BLOG,Campaign_Q1_Launch,8686,2023-07-26,101723,23228
CNT-10638,BLOG,Campaign_Q1_Launch,2380,2024-10-01,43279,10131
CNT-10639,SOCIAL MEDIA,Campaign_Summer_Boost,8766,2024-07-04,112377,21612
CNT-10640,SOCIAL MEDIA,Campaign_Spring_Sale,6714,2023-03-26,80402,15382
CNT-10641,SOCIAL MEDIA,Campaign_Summer_Boost,2406,2023-11-19,33306,6617
CNT-10642,BLOG,Campaign_Q1_Launch,7295,2023-01-18,136768,24805
CNT-10643,NEWSLETTER,Campaign_Spring_Sale,7051,2023-04-19,125778,22747
CNT-10644,BLOG,Campaign_Q1_Launch,6016,2024-03-23,92844,18414
CNT-10645,SOCIAL MEDIA,Campaign_Q1_Launch,10123,2023-09-08,125117,29721
CNT-10646,BLOG,Campaign_Spring_Sale,12133,2024-08-15,133794,29680
CNT-10647,NEWSLETTER,Campaign_Spring_Sale,1508,2024-03-23,29295,5579
CNT-10648,BLOG,Campaign_Q4_Holiday,4361,2023-06-11,59269,11894
CNT-10649,SOCIAL MEDIA,Campaign_Summer_Boost,10075,2023-04-25,147971,32139
CNT-10650,SOCIAL MEDIA,Campaign_Summer_Boost,4404,2024-07-26,62379,13238
CNT-10651,VIDEO,Campaign_Summer_Boost,7643,2023-12-08,108909,25822
CNT-10652,VIDEO,Campaign_Summer_Boost,6675,2023-10-28,97199,22372
CNT-10653,BLOG,Campaign_Q4_Holiday,4317,2024-08-21,80908,18289
CNT-10654,VIDEO,Campaign_Q1_Launch,4454,2023-11-07,82587,15225
CNT-10655,SOCIAL MEDIA,Campaign_Q4_Holiday,8691,2024-05-20,144896,30761
CNT-10656,VIDEO,Campaign_Q1_Launch,12326,2024-09-05,146624,31564
CNT-10657,BLOG,Campaign_Q1_Launch,3070,2024-04-07,47750,11154
CNT-10658,VIDEO,Campaign_Spring_Sale,10283,2023-12-18,126022,26389
CNT-10659,VIDEO,Campaign_Spring_Sale,6989,2024-12-08,146991,32611
CNT-10660,BLOG,Campaign_Q1_Launch,10735,2024-10-12,135960,28417
CNT-10661,NEWSLETTER,Campaign_Spring_Sale,5822,2024-11-20,85739,19039
CNT-10662,SOCIAL MEDIA,Campaign_Q1_Launch,8393,2023-01-13,123424,22940
CNT-10663,NEWSLETTER,Campaign_Spring_Sale,2061,2024-05-07,38016,7721
CNT-10664,BLOG,Campaign_Spring_Sale,10378,2024-05-29,142872,28677
CNT-10665,SOCIAL MEDIA,Campaign_Spring_Sale,10651,2023-12-13,119756,25076
CNT-10666,VIDEO,Campaign_Summer_Boost,2481,2024-06-17,28691,5892
CNT-10667,VIDEO,Campaign_Summer_Boost,5567,2023-11-29,108997,24476
CNT-10668,BLOG,Campaign_Q4_Holiday,7007,2024-07-27,124156,22951
CNT-10669,BLOG,Campaign_Q1_Launch,6171,2024-02-02,77787,15964
CNT-10670,BLOG,Campaign_Q4_Holiday,1577,2023-11-18,18709,3751
CNT-10671,VIDEO,Campaign_Q4_Holiday,2301,2023-08-01,45557,10560
CNT-10672,BLOG,Campaign_Q4_Holiday,3258,2024-01-16,64251,12287
CNT-10673,VIDEO,Campaign_Spring_Sale,6918,2024-08-30,112830,22982
CNT-10674,SOCIAL MEDIA,Campaign_Q1_Launch,3565,2024-08-04,53095,11599
CNT-10675,NEWSLETTER,Campaign_Summer_Boost,8478,2024-06-22,116668,25058
CNT-10676,NEWSLETTER,Campaign_Q4_Holiday,3795,2023-08-18,66956,12394
CNT-10677,VIDEO,Campaign_Summer_Boost,2563,2024-12-26,57476,12051
CNT-10678,SOCIAL MEDIA,Campaign_Q4_Holiday,3450,2024-07-30,63025,12026
CNT-10679,VIDEO,Campaign_Q4_Holiday,3048,2023-05-04,80651,15161
CNT-10680,SOCIAL MEDIA,Campaign_Q4_Holiday,7787,2023-01-11,88811,18146
CNT-10681,VIDEO,Campaign_Q4_Holiday,5120,2024-09-12,117354,22558
CNT-10682,VIDEO,Campaign_Q4_Holiday,6079,2023-01-18,78888,16408
CNT-10683,BLOG,Campaign_Summer_Boost,3417,2023-06-03,74302,16995
CNT-10684,SOCIAL MEDIA,Campaign_Spring_Sale,1067,2024-04-26,18164,3719
CNT-10685,SOCIAL MEDIA,Campaign_Summer_Boost,8863,2023-10-24,143537,29753
CNT-10686,SOCIAL MEDIA,Campaign_Summer_Boost,1582,2023-01-09,32008,5765
CNT-10687,VIDEO,Campaign_Spring_Sale,2417,2023-05-11,56771,11815
CNT-10688,BLOG,Campaign_Spring_Sale,9744,2024-01-26,131520,26077
CNT-10689,SOCIAL MEDIA,Campaign_Summer_Boost,2750,2023-12-16,48377,10691
CNT-10690,NEWSLETTER,Campaign_Q1_Launch,3609,2023-06-04,45391,9686
CNT-10691,VIDEO,Campaign_Spring_Sale,1078,2024-11-19,15866,3509
CNT-10692,BLOG,Campaign_Q4_Holiday,3842,2023-07-24,51369,11284
CNT-10693,VIDEO,Campaign_Q1_Launch,2092,2023-03-22,39611,8688
CNT-10694,NEWSLETTER,Campaign_Q4_Holiday,1318,2024-02-05,22869,5227
CNT-10695,NEWSLETTER,Campaign_Q4_Holiday,8297,2024-09-23,118086,22874
CNT-10696,BLOG,Campaign_Q4_Holiday,4647,2023-06-12,60924,12820
CNT-10697,NEWSLETTER,Campaign_Summer_Boost,4389,2024-12-01,88369,17689
CNT-10698,NEWSLETTER,Campaign_Q1_Launch,4653,2023-02-01,60359,13283
CNT-10699,SOCIAL MEDIA,Campaign_Q4_Holiday,7588,2023-07-22,109693,21184
CNT-10700,VIDEO,Campaign_Spring_Sale,4773,2023-05-10,55711,12402
CNT-10701,NEWSLETTER,Campaign_Summer_Boost,5750,2024-10-08,123672,25612
CNT-10702,BLOG,Campaign_Q1_Launch,4431,2024-04-10,80411,14736
CNT-10703,VIDEO,Campaign_Q4_Holiday,2532,2024-02-12,32579,6110
CNT-10704,BLOG,Campaign_Spring_Sale,7347,2024-07-08,89459,20660
CNT-10705,VIDEO,Campaign_Summer_Boost,4540,2024-06-01,56936,12979
CNT-10706,SOCIAL MEDIA,Campaign_Spring_Sale,821,2023-05-04,16042,3760
CNT-10707,BLOG,Campaign_Q4_Holiday,7328,2023-04-02,130793,27440
CNT-10708,SOCIAL MEDIA,Campaign_Q4_Holiday,2194,2024-02-28,37255,7618
CNT-10709,BLOG,Campaign_Spring_Sale,8384,2023-05-18,148206,34699
CNT-10710,NEWSLETTER,Campaign_Q1_Launch,8349,2024-07-31,100928,22142
CNT-10711,VIDEO,Campaign_Spring_Sale,5394,2023-10-31,94933,20288
CNT-10712,SOCIAL MEDIA,Campaign_Summer_Boost,8375,2024-02-24,98844,20508
CNT-10713,NEWSLETTER,Campaign_Q1_Launch,6071,2024-03-23,77315,18177
CNT-10714,BLOG,Campaign_Summer_Boost,1921,2023-02-04,19313,4376
CNT-10715,VIDEO,Campaign_Summer_Boost,9127,2024-06-11,105879,23633
CNT-10716,SOCIAL MEDIA,Campaign_Spring_Sale,5399,2024-01-09,69601,14884
CNT-10717,SOCIAL MEDIA,Campaign_Q4_Holiday,1542,2023-10-19,19001,4473
CNT-10718,VIDEO,Campaign_Spring_Sale,7286,2024-07-29,135500,24639
CNT-10719,BLOG,Campaign_Spring_Sale,7416,2024-07-01,122416,22287
CNT-10720,VIDEO,Campaign_Q4_Holiday,2140,2023-08-17,50602,9110
CNT-10721,SOCIAL MEDIA,Campaign_Q1_Launch,2397,2024-08-14,32482,6154
CNT-10722,NEWSLETTER,Campaign_Q4_Holiday,7341,2023-06-17,139973,28794
CNT-10723,VIDEO,Campaign_Spring_Sale,9997,2024-05-30,131339,25402
CNT-10724,SOCIAL MEDIA,Campaign_Q4_Holiday,4511,2024-10-17,109790,22532
CNT-10725,VIDEO,Campaign_Q1_Launch,8981,2024-05-17,106096,21679
CNT-10726,BLOG,Campaign_Spring_Sale,5323,2023-09-24,121964,25532
CNT-10727,NEWSLETTER,Campaign_Q4_Holiday,3205,2023-09-15,67750,14638
CNT-10728,VIDEO,Campaign_Summer_Boost,8707,2024-10-31,85922,20558
CNT-10729,NEWSLETTER,Campaign_Spring_Sale,2087,2024-05-29,28127,6337
CNT-10730,NEWSLETTER,Campaign_Q1_Launch,1973,2023-04-07,30239,6984
CNT-10731,SOCIAL MEDIA,Campaign_Spring_Sale,8830,2023-11-20,125735,28962
CNT-10732,BLOG,Campaign_Q4_Holiday,12875,2024-07-31,148271,34647
CNT-10733,BLOG,Campaign_Q1_Launch,3832,2023-10-28,95178,17212
CNT-10734,NEWSLETTER,Campaign_Q1_Launch,6699,2023-01-14,97702,21152
CNT-10735,VIDEO,Campaign_Q1_Launch,2890,2023-02-05,33439,7857
CNT-10736,NEWSLETTER,Campaign_Spring_Sale,9232,2024-03-27,147767,34916
CNT-10737,SOCIAL MEDIA,Campaign_Summer_Boost,11747,2024-08-09,145061,28574
CNT-10738,SOCIAL MEDIA,Campaign_Q1_Launch,3693,2024-06-27,87428,16285
CNT-10739,BLOG,Campaign_Q4_Holiday,6822,2023-04-22,145498,26780
CNT-10740,SOCIAL MEDIA,Campaign_Q1_Launch,9140,2024-07-08,106790,21104
CNT-10741,BLOG,Campaign_Spring_Sale,5361,2024-08-19,108968,23734
CNT-10742,VIDEO,Campaign_Spring_Sale,9650,2023-01-15,107634,23256
CNT-10743,BLOG,Campaign_Spring_Sale,4017,2024-08-01,89104,16375
CNT-10744,NEWSLETTER,Campaign_Q1_Launch,3965,2024-07-25,74839,16885
CNT-10745,NEWSLETTER,Campaign_Q4_Holiday,8614,2024-10-09,137751,28011
CNT-10746,NEWSLETTER,Campaign_Spring_Sale,9468,2023-07-26,98933,23128
CNT-10747,BLOG,Campaign_Q1_Launch,6115,2024-04-26,70693,15117
CNT-10748,SOCIAL MEDIA,Campaign_Q4_Holiday,6674,2023-07-19,90175,17801
CNT-10749,VIDEO,Campaign_Q1_Launch,7413,2024-12-08,148833,28545
CNT-10750,SOCIAL MEDIA,Campaign_Q4_Holiday,1275,2023-09-06,17234,3288
CNT-10751,SOCIAL MEDIA,Campaign_Q1_Launch,11261,2024-07-26,138711,25986
CNT-10752,VIDEO,Campaign_Summer_Boost,3591,2023-04-18,45728,8841
CNT-10753,VIDEO,Campaign_Q4_Holiday,8681,2024-04-04,148524,30432
CNT-10754,NEWSLETTER,Campaign_Q4_Holiday,6227,2024-12-22,144313,26595
CNT-10755,SOCIAL MEDIA,Campaign_Q1_Launch,3276,2024-03-30,74682,13707
CNT-10756,BLOG,Campaign_Q4_Holiday,5084,2023-07-10,85730,15603
CNT-10757,SOCIAL MEDIA,Campaign_Q1_Launch,4218,2024-05-15,69844,14322
CNT-10758,NEWSLETTER,Campaign_Q1_Launch,4072,2024-11-09,59498,11660
CNT-10759,SOCIAL MEDIA,Campaign_Q4_Holiday,8408,2023-03-07,99837,20016
CNT-10760,SOCIAL MEDIA,Campaign_Q4_Holiday,5788,2023-09-22,88873,19069
CNT-10761,BLOG,Campaign_Q1_Launch,5984,2023-07-01,96048,19111
CNT-10762,BLOG,Campaign_Q4_Holiday,6129,2024-06-14,93760,22348
CNT-10763,SOCIAL MEDIA,Campaign_Summer_Boost,4185,2024-09-10,51568,11510
CNT-10764,VIDEO,Campaign_Q1_Launch,10245,2023-04-16,110761,26238
CNT-10765,VIDEO,Campaign_Summer_Boost,7030,2023-08-26,128450,26792
CNT-10766,BLOG,Campaign_Q1_Launch,5574,2024-03-06,98824,20515
CNT-10767,NEWSLETTER,Campaign_Q1_Launch,6214,2024-06-28,111539,20480
CNT-10768,VIDEO,Campaign_Spring_Sale,14775,2024-08-19,147121,32971
CNT-10769,SOCIAL MEDIA,Campaign_Summer_Boost,5523,2024-05-11,128748,25674
CNT-10770,BLOG,Campaign_Q4_Holiday,1981,2023-12-19,28532,5561
CNT-10771,NEWSLETTER,Campaign_Spring_Sale,7129,2024-08-14,78188,18080
CNT-10772,SOCIAL MEDIA,Campaign_Spring_Sale,8595,2023-05-22,93814,20397
CNT-10773,BLOG,Campaign_Summer_Boost,5363,2023-12-12,133507,24460
CNT-10774,NEWSLETTER,Campaign_Spring_Sale,7754,2024-10-17,120494,23079
CNT-10775,SOCIAL MEDIA,Campaign_Spring_Sale,7895,2023-05-29,85606,20521
CNT-10776,NEWSLETTER,Campaign_Q1_Launch,7046,2024-11-18,113968,21267
CNT-10777,NEWSLETTER,Campaign_Spring_Sale,10292,2024-04-18,149020,34953
CNT-10778,BLOG,Campaign_Q4_Holiday,6816,2023-08-09,124567,27828
CNT-10779,NEWSLETTER,Campaign_Q1_Launch,4416,2023-10-13,69818,15434
CNT-10780,NEWSLETTER,Campaign_Q4_Holiday,2917,2023-07-13,63606,13026
CNT-10781,VIDEO,Campaign_Spring_Sale,6054,2023-04-03,61885,13827
CNT-10782,SOCIAL MEDIA,Campaign_Spring_Sale,4065,2024-02-06,51568,10861
CNT-10783,SOCIAL MEDIA,Campaign_Summer_Boost,4535,2023-04-08,78085,17265
CNT-10784,BLOG,Campaign_Summer_Boost,4567,2024-07-06,104581,21134
CNT-10785,SOCIAL MEDIA,Campaign_Summer_Boost,5627,2023-02-22,77661,14377
CNT-10786,SOCIAL MEDIA,Campaign_Summer_Boost,5844,2023-06-12,120470,23308
CNT-10787,SOCIAL MEDIA,Campaign_Q4_Holiday,9797,2024-09-19,139477,26702
CNT-10788,VIDEO,Campaign_Summer_Boost,11030,2024-01-25,132119,28375
CNT-10789,BLOG,Campaign_Q4_Holiday,3380,2024-08-21,41283,8487
CNT-10790,NEWSLETTER,Campaign_Spring_Sale,2967,2024-01-11,39216,7516
CNT-10791,VIDEO,Campaign_Q4_Holiday,4202,2024-07-03,60251,13919
CNT-10792,BLOG,Campaign_Q4_Holiday,5497,2024-03-24,91591,21764
CNT-10793,NEWSLETTER,Campaign_Q1_Launch,4033,2024-01-06,60832,11719
CNT-10794,NEWSLETTER,Campaign_Spring_Sale,8020,2024-11-11,90885,18513
CNT-10795,SOCIAL MEDIA,Campaign_Q4_Holiday,3233,2023-01-17,69876,12904
CNT-10796,BLOG,Campaign_Q4_Holiday,1157,2024-02-08,25978,4836
CNT-10797,SOCIAL MEDIA,Campaign_Q1_Launch,6817,2024-02-19,76765,18168
CNT-10798,BLOG,Campaign_Q1_Launch,7447,2023-10-16,89444,20301
CNT-10799,VIDEO,Campaign_Q1_Launch,7630,2024-10-29,128536,29360
CNT-10800,SOCIAL MEDIA,Campaign_Q1_Launch,3817,2024-12-07,74962,17733
CNT-10801,VIDEO,Campaign_Q4_Holiday,7015,2023-07-03,123016,23876
CNT-10802,SOCIAL MEDIA,Campaign_Summer_Boost,7009,2023-10-25,110114,25351
CNT-10803,VIDEO,Campaign_Summer_Boost,12539,2024-01-23,133938,29053
CNT-10804,SOCIAL MEDIA,Campaign_Spring_Sale,8104,2024-10-11,107273,19797
CNT-10805,VIDEO,Campaign_Summer_Boost,6934,2024-02-29,126932,23455
CNT-10806,VIDEO,Campaign_Q1_Launch,6166,2023-10-31,62882,14587
CNT-10807,NEWSLETTER,Campaign_Q1_Launch,3080,2023-12-10,42237,8723
CNT-10808,SOCIAL MEDIA,Campaign_Q1_Launch,6245,2023-11-16,114545,26743
CNT-10809,BLOG,Campaign_Q1_Launch,1554,2024-07-12,21266,4359
CNT-10810,BLOG,Campaign_Summer_Boost,8207,2023-06-01,138375,32160
CNT-10811,VIDEO,Campaign_Q4_Holiday,4774,2024-11-30,106526,19532
CNT-10812,BLOG,Campaign_Spring_Sale,5471,2023-12-21,70432,15949
CNT-10813,BLOG,Campaign_Summer_Boost,1550,2024-10-19,18666,3876
CNT-10814,VIDEO,Campaign_Q4_Holiday,3821,2023-06-22,59967,13012
CNT-10815,SOCIAL MEDIA,Campaign_Q1_Launch,8937,2024-03-11,105716,23080
CNT-10816,NEWSLETTER,Campaign_Q4_Holiday,2208,2023-08-16,39716,7750
CNT-10817,SOCIAL MEDIA,Campaign_Q1_Launch,8692,2024-08-11,145971,32965
CNT-10818,BLOG,Campaign_Summer_Boost,3977,2024-07-30,81969,18371
CNT-10819,SOCIAL MEDIA,Campaign_Summer_Boost,4727,2023-07-04,61602,11667
CNT-10820,VIDEO,Campaign_Summer_Boost,3957,2024-11-27,62447,11418
CNT-10821,BLOG,Campaign_Spring_Sale,4245,2024-07-14,44009,10152
CNT-10822,VIDEO,Campaign_Q1_Launch,3555,2023-12-09,56398,11562
CNT-10823,VIDEO,Campaign_Summer_Boost,1605,2024-12-30,29954,6249
CNT-10824,SOCIAL MEDIA,Campaign_Summer_Boost,2146,2023-09-02,31608,6128
CNT-10825,VIDEO,Campaign_Spring_Sale,4610,2023-06-22,59240,11961
CNT-10826,NEWSLETTER,Campaign_Summer_Boost,10830,2023-09-03,119184,27274
CNT-10827,SOCIAL MEDIA,Campaign_Summer_Boost,7241,2024-11-26,92512,16914
CNT-10828,SOCIAL MEDIA,Campaign_Q4_Holiday,6001,2024-08-21,118018,23755
CNT-10829,BLOG,Campaign_Spring_Sale,4978,2023-08-19,108418,24311
CNT-10830,VIDEO,Campaign_Q4_Holiday,5095,2024-02-26,81757,18744
CNT-10831,SOCIAL MEDIA,Campaign_Spring_Sale,2317,2023-12-07,27270,5751
CNT-10832,VIDEO,Campaign_Summer_Boost,12585,2023-12-09,148996,34462
CNT-10833,VIDEO,Campaign_Summer_Boost,4191,2024-04-22,45911,9798
CNT-10834,NEWSLETTER,Campaign_Spring_Sale,1660,2023-09-17,42465,7794
CNT-10835,BLOG,Campaign_Summer_Boost,7646,2023-04-20,138344,29653
CNT-10836,VIDEO,Campaign_Q4_Holiday,2623,2023-01-11,47735,9979
CNT-10837,VIDEO,Campaign_Spring_Sale,5492,2024-05-31,82161,16546
CNT-10838,BLOG,Campaign_Q4_Holiday,7190,2023-08-02,101390,22351
CNT-10839,NEWSLETTER,Campaign_Summer_Boost,5717,2023-01-06,87911,18982
CNT-10840,NEWSLETTER,Campaign_Spring_Sale,5640,2023-10-27,72441,14750
CNT-10841,NEWSLETTER,Campaign_Summer_Boost,2702,2024-07-10,42141,7959
CNT-10842,VIDEO,Campaign_Spring_Sale,6898,2024-10-16,129388,27301
CNT-10843,SOCIAL MEDIA,Campaign_Summer_Boost,4186,2024-08-22,49801,11326
CNT-10844,BLOG,Campaign_Q1_Launch,4811,2024-01-09,95251,18379
CNT-10845,VIDEO,Campaign_Q4_Holiday,1309,2024-12-26,19774,3721
CNT-10846,BLOG,Campaign_Q4_Holiday,9849,2024-03-16,130646,26443
CNT-10847,NEWSLETTER,Campaign_Summer_Boost,2115,2024-03-13,28453,5492
CNT-10848,SOCIAL MEDIA,Campaign_Q4_Holiday,9200,2023-06-03,138176,29209
CNT-10849,BLOG,Campaign_Q1_Launch,5166,2023-10-02,80141,16052
CNT-10850,SOCIAL MEDIA,Campaign_Spring_Sale,5769,2024-01-02,72727,13140
CNT-10851,SOCIAL MEDIA,Campaign_Summer_Boost,4772,2024-02-11,50559,11346
CNT-10852,VIDEO,Campaign_Summer_Boost,4928,2024-04-24,64337,12278
CNT-10853,SOCIAL MEDIA,Campaign_Summer_Boost,1120,2024-09-08,22915,4252
CNT-10854,NEWSLETTER,Campaign_Summer_Boost,8597,2024-05-16,134353,32069
CNT-10855,SOCIAL MEDIA,Campaign_Q4_Holiday,9700,2024-09-22,136428,24859
CNT-10856,VIDEO,Campaign_Q4_Holiday,10062,2024-01-09,135277,28684
CNT-10857,NEWSLETTER,Campaign_Summer_Boost,8598,2024-01-30,140639,33296
CNT-10858,VIDEO,Campaign_Q1_Launch,4019,2023-12-18,67578,15299
CNT-10859,NEWSLETTER,Campaign_Spring_Sale,10532,2024-08-17,120241,25549
CNT-10860,VIDEO,Campaign_Q1_Launch,911,2024-11-21,20289,4009
CNT-10861,NEWSLETTER,Campaign_Summer_Boost,7475,2023-08-08,127542,27739
CNT-10862,VIDEO,Campaign_Q4_Holiday,5557,2024-05-29,57348,13092
CNT-10863,NEWSLETTER,Campaign_Q4_Holiday,2223,2024-08-13,32918,7263
CNT-10864,VIDEO,Campaign_Q4_Holiday,5105,2024-02-25,98958,20818
CNT-10865,SOCIAL MEDIA,Campaign_Summer_Boost,1661,2023-12-06,33387,6247
CNT-10866,NEWSLETTER,Campaign_Q4_Holiday,7130,2023-05-29,132769,31331
CNT-10867,NEWSLETTER,Campaign_Summer_Boost,10471,2023-03-10,140058,31044
CNT-10868,SOCIAL MEDIA,Campaign_Q1_Launch,5270,2024-09-30,58580,13530
CNT-10869,BLOG,Campaign_Spring_Sale,6540,2023-03-07,82699,17751
CNT-10870,NEWSLETTER,Campaign_Q1_Launch,6370,2024-11-24,91599,17036
CNT-10871,BLOG,Campaign_Summer_Boost,3505,2024-12-24,65672,13653
CNT-10872,BLOG,Campaign_Spring_Sale,7889,2024-06-26,134467,31458
CNT-10873,BLOG,Campaign_Summer_Boost,5912,2023-05-07,120790,28779
CNT-10874,NEWSLETTER,Campaign_Summer_Boost,7505,2023-04-08,81917,17435
CNT-10875,BLOG,Campaign_Summer_Boost,1086,2023-10-06,15594,2811
CNT-10876,VIDEO,Campaign_Q4_Holiday,5431,2023-05-06,111886,22893
CNT-10877,VIDEO,Campaign_Q4_Holiday,4846,2024-09-13,96880,23070
CNT-10878,NEWSLETTER,Campaign_Spring_Sale,6238,2024-07-29,122773,25959
CNT-10879,BLOG,Campaign_Summer_Boost,2883,2023-10-01,55335,11465
CNT-10880,BLOG,Campaign_Q4_Holiday,3715,2024-10-19,54112,12649
CNT-10881,NEWSLETTER,Campaign_Spring_Sale,10190,2023-11-26,122753,25099
CNT-10882,BLOG,Campaign_Q4_Holiday,9556,2024-07-27,111003,23368
CNT-10883,SOCIAL MEDIA,Campaign_Q4_Holiday,3129,2023-11-27,32544,7635
CNT-10884,SOCIAL MEDIA,Campaign_Spring_Sale,8210,2024-03-16,107957,23626
CNT-10885,NEWSLETTER,Campaign_Q4_Holiday,2472,2024-02-15,46554,9939
CNT-10886,VIDEO,Campaign_Q1_Launch,7058,2023-01-21,139640,27560
CNT-10887,BLOG,Campaign_Q1_Launch,4968,2023-03-02,56367,11330
CNT-10888,VIDEO,Campaign_Summer_Boost,2016,2024-11-29,46697,8968
CNT-10889,NEWSLETTER,Campaign_Q4_Holiday,8810,2023-01-01,136857,27525
CNT-10890,NEWSLETTER,Campaign_Q1_Launch,4471,2024-12-24,55828,13001
CNT-10891,NEWSLETTER,Campaign_Q1_Launch,10316,2023-11-30,130101,26774
CNT-10892,VIDEO,Campaign_Q4_Holiday,6598,2023-06-11,92497,17639
CNT-10893,VIDEO,Campaign_Summer_Boost,5286,2024-05-13,70223,14796
CNT-10894,NEWSLETTER,Campaign_Q4_Holiday,9335,2024-03-24,119238,22432
CNT-10895,VIDEO,Campaign_Spring_Sale,9233,2024-02-10,106158,21095
CNT-10896,SOCIAL MEDIA,Campaign_Q1_Launch,9313,2023-10-07,98510,20747
CNT-10897,NEWSLETTER,Campaign_Spring_Sale,8583,2024-01-29,102939,21114
CNT-10898,NEWSLETTER,Campaign_Spring_Sale,1825,2023-01-22,26744,5908
CNT-10899,NEWSLETTER,Campaign_Q1_Launch,8276,2023-02-03,98957,22028
CNT-10900,SOCIAL MEDIA,Campaign_Q4_Holiday,1286,2024-09-30,31952,6206
CNT-10901,NEWSLETTER,Campaign_Spring_Sale,2188,2024-11-19,39535,9168
CNT-10902,VIDEO,Campaign_Q4_Holiday,7193,2023-11-27,115631,23859
CNT-10903,BLOG,Campaign_Q1_Launch,6962,2023-10-12,100019,19409
CNT-10904,SOCIAL MEDIA,Campaign_Q1_Launch,7906,2023-12-09,122970,29349
CNT-10905,SOCIAL MEDIA,Campaign_Spring_Sale,14075,2024-04-22,146223,32859
CNT-10906,VIDEO,Campaign_Summer_Boost,2813,2023-02-02,32768,6369
CNT-10907,BLOG,Campaign_Q4_Holiday,3611,2024-03-30,73812,14113
CNT-10908,NEWSLETTER,Campaign_Summer_Boost,6360,2024-02-23,108558,21704
CNT-10909,VIDEO,Campaign_Summer_Boost,1704,2023-12-23,46232,8405
CNT-10910,BLOG,Campaign_Q4_Holiday,1525,2024-09-29,17201,3472
CNT-10911,BLOG,Campaign_Q1_Launch,10691,2023-10-01,119458,25312
CNT-10912,BLOG,Campaign_Q1_Launch,3120,2024-11-20,48215,10913
CNT-10913,NEWSLETTER,Campaign_Spring_Sale,7337,2024-02-13,98352,21015
CNT-10914,SOCIAL MEDIA,Campaign_Summer_Boost,6867,2023-07-11,127954,23223
CNT-10915,BLOG,Campaign_Summer_Boost,2039,2024-08-24,31491,6360
CNT-10916,NEWSLETTER,Campaign_Summer_Boost,2019,2024-06-17,34806,8073
CNT-10917,BLOG,Campaign_Summer_Boost,5902,2024-04-10,72115,13270
CNT-10918,SOCIAL MEDIA,Campaign_Summer_Boost,5236,2024-10-23,80844,18467
CNT-10919,VIDEO,Campaign_Q1_Launch,7099,2023-07-22,144109,29598
CNT-10920,BLOG,Campaign_Q4_Holiday,2900,2023-03-20,38377,7821
CNT-10921,BLOG,Campaign_Spring_Sale,7594,2023-05-25,128123,28981
CNT-10922,SOCIAL MEDIA,Campaign_Summer_Boost,8943,2023-04-08,132873,24229
CNT-10923,VIDEO,Campaign_Q1_Launch,4119,2024-08-19,85719,18145
CNT-10924,NEWSLETTER,Campaign_Q1_Launch,6470,2024-09-07,86426,15782
CNT-10925,BLOG,Campaign_Spring_Sale,13073,2024-07-21,132292,29909
CNT-10926,VIDEO,Campaign_Spring_Sale,8170,2024-09-07,120342,25382
CNT-10927,SOCIAL MEDIA,Campaign_Q1_Launch,808,2024-06-11,18723,3955
CNT-10928,VIDEO,Campaign_Summer_Boost,6223,2023-01-17,148134,27035
CNT-10929,SOCIAL MEDIA,Campaign_Spring_Sale,4093,2023-02-04,89087,19843
CNT-10930,VIDEO,Campaign_Q1_Launch,9202,2023-08-15,103893,21048
CNT-10931,BLOG,Campaign_Q4_Holiday,2397,2023-08-30,24971,5445
CNT-10932,VIDEO,Campaign_Q1_Launch,9324,2024-03-04,122723,27256
CNT-10933,VIDEO,Campaign_Spring_Sale,2887,2023-10-25,34683,6577
CNT-10934,NEWSLETTER,Campaign_Q4_Holiday,6718,2023-04-28,125631,28461
CNT-10935,SOCIAL MEDIA,Campaign_Summer_Boost,3167,2024-04-13,64845,13214
CNT-10936,BLOG,Campaign_Summer_Boost,8816,2024-02-03,99156,21410
CNT-10937,VIDEO,Campaign_Spring_Sale,646,2023-09-23,15127,2944
CNT-10938,NEWSLETTER,Campaign_Summer_Boost,8544,2023-05-03,124380,29617
CNT-10939,NEWSLETTER,Campaign_Q4_Holiday,9383,2024-06-08,107909,22602
CNT-10940,VIDEO,Campaign_Spring_Sale,1419,2023-12-20,20950,4129
CNT-10941,VIDEO,Campaign_Summer_Boost,6183,2024-02-10,76635,18057
CNT-10942,BLOG,Campaign_Q1_Launch,4913,2024-01-30,119316,23414
CNT-10943,SOCIAL MEDIA,Campaign_Summer_Boost,3431,2023-05-11,64815,14755
CNT-10944,SOCIAL MEDIA,Campaign_Q1_Launch,14905,2024-07-19,138670,33248
CNT-10945,NEWSLETTER,Campaign_Q4_Holiday,3742,2023-04-12,81761,15178
CNT-10946,SOCIAL MEDIA,Campaign_Summer_Boost,6462,2024-02-11,110168,23069
CNT-10947,VIDEO,Campaign_Q1_Launch,5762,2023-09-09,99649,23050
CNT-10948,BLOG,Campaign_Q1_Launch,5249,2023-10-13,72474,14649
CNT-10949,SOCIAL MEDIA,Campaign_Q4_Holiday,10839,2024-06-06,149993,31772
CNT-10950,VIDEO,Campaign_Spring_Sale,1156,2024-01-26,18978,3909
CNT-10951,SOCIAL MEDIA,Campaign_Spring_Sale,8613,2023-05-26,112112,24648
CNT-10952,NEWSLETTER,Campaign_Q4_Holiday,3303,2023-08-30,57790,10883
CNT-10953,VIDEO,Campaign_Spring_Sale,11812,2023-05-06,138210,27701
CNT-10954,SOCIAL MEDIA,Campaign_Summer_Boost,7197,2024-07-28,103923,22664
CNT-10955,VIDEO,Campaign_Spring_Sale,2396,2024-04-10,50180,11724
CNT-10956,NEWSLETTER,Campaign_Q1_Launch,1539,2024-01-07,22008,4516
CNT-10957,VIDEO,Campaign_Spring_Sale,8760,2023-10-01,116338,25551
CNT-10958,NEWSLETTER,Campaign_Spring_Sale,6556,2024-10-19,110618,24337
CNT-10959,BLOG,Campaign_Spring_Sale,1580,2023-09-02,34195,6217
CNT-10960,VIDEO,Campaign_Q4_Holiday,12510,2024-10-14,126922,30204
CNT-10961,VIDEO,Campaign_Q4_Holiday,12069,2023-09-21,125632,27436
CNT-10962,NEWSLETTER,Campaign_Q4_Holiday,4304,2023-04-10,50584,11384
CNT-10963,VIDEO,Campaign_Q1_Launch,4286,2023-09-14,92404,16641
CNT-10964,SOCIAL MEDIA,Campaign_Q4_Holiday,4901,2024-10-19,60460,12313
CNT-10965,NEWSLETTER,Campaign_Q4_Holiday,12319,2024-10-21,139696,31732
CNT-10966,SOCIAL MEDIA,Campaign_Spring_Sale,4720,2024-08-28,89056,16791
CNT-10967,SOCIAL MEDIA,Campaign_Spring_Sale,2845,2024-05-19,50109,9812
CNT-10968,NEWSLETTER,Campaign_Q4_Holiday,3412,2024-04-01,62568,12974
CNT-10969,BLOG,Campaign_Q1_Launch,5087,2024-06-17,58215,13954
CNT-10970,BLOG,Campaign_Spring_Sale,3164,2024-06-22,39440,7335
CNT-10971,BLOG,Campaign_Q4_Holiday,1376,2024-06-27,24134,4673
CNT-10972,SOCIAL MEDIA,Campaign_Q4_Holiday,9934,2023-11-01,143237,30440
CNT-10973,SOCIAL MEDIA,Campaign_Q1_Launch,7928,2024-10-02,89805,18654
CNT-10974,SOCIAL MEDIA,Campaign_Summer_Boost,9279,2024-05-01,146850,33407
CNT-10975,VIDEO,Campaign_Q4_Holiday,4270,2023-12-15,79078,17472
CNT-10976,SOCIAL MEDIA,Campaign_Spring_Sale,2455,2023-11-21,29305,5539
CNT-10977,BLOG,Campaign_Q4_Holiday,3171,2024-12-21,36289,8387
CNT-10978,NEWSLETTER,Campaign_Summer_Boost,8596,2024-04-08,122874,27618
CNT-10979,VIDEO,Campaign_Q4_Holiday,6158,2023-03-22,71426,15931
CNT-10980,SOCIAL MEDIA,Campaign_Summer_Boost,5831,2024-08-22,91172,20679
CNT-10981,SOCIAL MEDIA,Campaign_Q1_Launch,2850,2024-03-24,45085,10042
CNT-10982,SOCIAL MEDIA,Campaign_Spring_Sale,5165,2024-09-25,102081,24261
CNT-10983,BLOG,Campaign_Q4_Holiday,5104,2023-05-21,71036,14893
CNT-10984,NEWSLETTER,Campaign_Spring_Sale,11977,2023-12-28,147430,34633
CNT-10985,BLOG,Campaign_Q4_Holiday,11050,2024-07-21,136835,29311
CNT-10986,SOCIAL MEDIA,Campaign_Spring_Sale,1408,2023-05-07,20328,3712
CNT-10987,VIDEO,Campaign_Q1_Launch,2225,2024-02-22,40537,9102
CNT-10988,NEWSLETTER,Campaign_Q1_Launch,5013,2024-05-15,118576,22639
CNT-10989,BLOG,Campaign_Summer_Boost,2916,2023-02-13,43227,8437
CNT-10990,NEWSLETTER,Campaign_Q4_Holiday,3516,2023-01-15,40730,8877
CNT-10991,VIDEO,Campaign_Q1_Launch,5307,2024-12-12,84512,18412
CNT-10992,NEWSLETTER,Campaign_Spring_Sale,3992,2024-11-20,86538,16390
CNT-10993,BLOG,Campaign_Q4_Holiday,9239,2024-09-26,126028,25328
CNT-10994,BLOG,Campaign_Spring_Sale,1815,2024-04-12,26763,6342
CNT-10995,VIDEO,Campaign_Q4_Holiday,2701,2024-10-30,55707,12510
CNT-10996,SOCIAL MEDIA,Campaign_Summer_Boost,4021,2023-08-26,68915,15542
CNT-10997,NEWSLETTER,Campaign_Q4_Holiday,9204,2024-05-24,112816,24879
CNT-10998,NEWSLETTER,Campaign_Spring_Sale,7499,2023-05-14,80717,18903
CNT-10999,NEWSLETTER,Campaign_Summer_Boost,7094,2023-03-13,141381,28185
CNT-11000,VIDEO,Campaign_Summer_Boost,7400,2024-04-26,129715,28012
