ReviewID,CustomerID,ProductID,ReviewDate,Rating,ReviewText
1,245,3,06-10-2024,1,I had a bad experience with this product.
2,94,17,31-01-2023,1,Not worth the money.
3,212,3,07-11-2024,2,Disappointed with the performance.
4,19,16,28-09-2023,3,"  Good quality, but could be cheaper.   "
5,202,14,10-09-2024,1,Not worth the money.
6,255,9,30-04-2024,4,Five stars for the quick delivery.
7,47,15,03-05-2023,1,Not  worth  the  money.
8,88,10,24-08-2023,3,"  Average experience, nothing special.   "
9,200,14,27-05-2024,1,I had a bad experience with this product.
10,126,2,12-08-2023,4,Five stars for the quick delivery.
11,179,7,01-02-2024,2,Disappointed with the performance.
12,191,5,07-01-2024,3,"  Average experience, nothing special.   "
13,273,15,24-01-2024,2,Product did not meet my expectations.
14,106,11,11-01-2023,2,Product  did  not  meet  my  expectations.
15,287,3,26-02-2023,1,I had a bad experience with this product.
16,256,6,19-06-2024,1,  The product stopped working after a month.   
17,115,20,01-11-2023,1,Not worth the money.
18,237,13,02-10-2023,1,The product stopped working after a month.
19,213,3,07-07-2023,1,I had a bad experience with this product.
20,194,3,24-09-2023,2,  Disappointed with the performance.   
21,105,13,17-11-2024,4,"Great  purchase,  very  satisfied."
22,55,19,09-02-2024,4,Five stars for the quick delivery.
23,226,11,08-02-2024,1,The product stopped working after a month.
24,153,9,17-08-2023,2,  Disappointed with the performance.   
25,20,19,23-11-2023,5,"Excellent product, highly recommend!"
26,173,13,15-02-2024,4,"Great purchase, very satisfied."
27,9,2,29-10-2024,3,"Good quality, but could be cheaper."
28,103,13,29-05-2023,1,    The  product  stopped  working  after  a  month.      
29,61,2,03-01-2024,1,I had a bad experience with this product.
30,40,13,23-09-2023,5,The quality is top-notch. Fits perfectly!
31,229,17,18-04-2024,1,The product stopped working after a month.
32,29,10,28-05-2024,5,"  Excellent product, highly recommend!   "
33,47,7,31-10-2024,3,"Average experience, nothing special."
34,101,16,08-10-2024,1,I had a bad experience with this product.
35,127,20,01-03-2024,3,"Average  experience,  nothing  special."
36,82,16,05-10-2024,4,  Five stars for the quick delivery.   
37,163,19,11-07-2024,3,"Good quality, but could be cheaper."
38,226,15,25-04-2024,1,The product stopped working after a month.
39,32,11,05-01-2024,4,Shipping was fast and the item was well-packaged.
40,265,19,21-08-2024,1,  The product stopped working after a month.   
41,19,16,02-04-2023,4,Five stars for the quick delivery.
42,197,20,07-09-2024,5,"Excellent  product,  highly  recommend!"
43,167,10,21-12-2024,2,The product arrived late.
44,94,16,10-01-2023,5,  The quality is top-notch. Fits perfectly!   
45,66,19,11-09-2023,4,"Great purchase, very satisfied."
46,54,7,12-05-2023,3,"Good quality, but could be cheaper."
47,261,19,19-07-2023,2,Product did not meet my expectations.
48,135,14,21-01-2023,4,  Five stars for the quick delivery.   
49,33,8,20-03-2024,1,Not  worth  the  money.
50,280,18,22-10-2023,5,"Excellent product, highly recommend!"
51,185,16,08-05-2024,5,"Excellent product, highly recommend!"
52,70,20,11-03-2023,2,  The product arrived late.   
53,137,6,18-12-2024,1,I had a bad experience with this product.
54,192,3,27-08-2024,3,"Average experience, nothing special."
55,212,3,29-04-2024,3,"Good quality, but could be cheaper."
56,187,11,25-07-2024,2,    Disappointed  with  the  performance.      
57,81,5,14-08-2023,1,The product stopped working after a month.
58,189,12,13-05-2023,1,The product stopped working after a month.
59,280,11,23-07-2024,2,Product did not meet my expectations.
60,14,14,19-07-2023,5,  The quality is top-notch. Fits perfectly!   
61,78,5,14-07-2024,1,Not worth the money.
62,91,20,17-08-2023,1,Not worth the money.
63,121,12,28-05-2023,2,The  product  arrived  late.
64,225,17,19-09-2024,2,  Product did not meet my expectations.   
65,54,12,18-07-2023,3,"Average experience, nothing special."
66,210,10,11-05-2024,4,Five stars for the quick delivery.
67,211,17,11-11-2024,4,Shipping was fast and the item was well-packaged.
68,256,9,27-02-2024,4,  Shipping was fast and the item was well-packaged.   
69,185,11,04-02-2023,2,Product did not meet my expectations.
70,78,17,09-09-2023,5,"Excellent  product,  highly  recommend!"
71,6,4,17-07-2024,3,"Average experience, nothing special."
72,26,17,13-07-2024,5,  The quality is top-notch. Fits perfectly!   
73,277,16,20-11-2023,3,"Good quality, but could be cheaper."
74,159,12,27-01-2023,1,The product stopped working after a month.
75,174,18,24-04-2023,1,I had a bad experience with this product.
76,7,11,26-06-2024,5,  The quality is top-notch. Fits perfectly!   
77,56,1,29-07-2024,1,I  had  a  bad  experience  with  this  product.
78,285,14,13-05-2024,2,Disappointed with the performance.
79,252,9,17-09-2023,2,Product did not meet my expectations.
80,223,3,25-08-2024,4,"  Great purchase, very satisfied.   "
81,229,18,15-07-2024,3,"Good quality, but could be cheaper."
82,193,7,29-01-2024,1,Not worth the money.
83,152,13,05-12-2023,4,"Great purchase, very satisfied."
84,113,8,04-11-2023,2,    Product  did  not  meet  my  expectations.      
85,227,9,10-08-2024,3,"Good quality, but could be cheaper."
86,118,7,06-05-2024,2,Disappointed with the performance.
87,76,5,10-12-2024,3,"Good quality, but could be cheaper."
88,88,17,28-04-2023,2,  Disappointed with the performance.   
89,39,12,01-01-2023,4,Five stars for the quick delivery.
90,112,16,25-10-2023,4,"Great purchase, very satisfied."
91,282,16,08-09-2023,4,Shipping  was  fast  and  the  item  was  well-packaged.
92,161,2,27-11-2023,4,  Five stars for the quick delivery.   
93,60,20,24-10-2023,5,The quality is top-notch. Fits perfectly!
94,164,1,16-09-2023,2,Product did not meet my expectations.
95,67,14,28-01-2023,2,Disappointed with the performance.
96,245,19,13-03-2024,4,  Five stars for the quick delivery.   
97,39,9,30-12-2023,2,Disappointed with the performance.
98,250,15,30-08-2023,3,"Good  quality,  but  could  be  cheaper."
99,194,1,08-08-2024,2,The product arrived late.
100,163,19,28-04-2023,2,  Disappointed with the performance.   
101,286,3,25-03-2024,1,Not worth the money.
102,153,16,26-08-2023,3,"Good quality, but could be cheaper."
103,224,12,29-07-2023,2,Disappointed with the performance.
104,226,17,23-06-2024,3,"  Average experience, nothing special.   "
105,269,15,03-11-2023,2,The  product  arrived  late.
106,178,12,08-04-2024,5,"Excellent product, highly recommend!"
107,126,4,08-10-2024,2,Disappointed with the performance.
108,275,9,26-09-2023,4,  Shipping was fast and the item was well-packaged.   
109,200,3,21-03-2024,4,"Great purchase, very satisfied."
110,290,11,05-07-2023,3,"Average experience, nothing special."
111,246,9,03-05-2024,2,Product did not meet my expectations.
112,248,9,31-08-2023,2,    Product  did  not  meet  my  expectations.      
113,81,3,26-05-2023,4,"Great purchase, very satisfied."
114,260,9,11-06-2024,2,Product did not meet my expectations.
115,228,12,28-01-2024,5,"Excellent product, highly recommend!"
116,42,18,30-07-2024,2,  The product arrived late.   
117,241,11,18-01-2024,2,Product did not meet my expectations.
118,276,8,10-05-2023,1,The product stopped working after a month.
119,96,20,11-02-2023,1,I  had  a  bad  experience  with  this  product.
120,15,2,28-11-2023,2,  Disappointed with the performance.   
121,7,11,21-10-2023,3,"Average experience, nothing special."
122,59,15,24-08-2023,3,"Good quality, but could be cheaper."
123,165,18,09-01-2024,4,Shipping was fast and the item was well-packaged.
124,17,11,03-08-2024,5,"  Excellent product, highly recommend!   "
125,293,8,11-10-2023,4,Shipping was fast and the item was well-packaged.
126,95,10,23-02-2024,4,Five  stars  for  the  quick  delivery.
127,241,4,18-05-2023,4,"Great purchase, very satisfied."
128,120,8,26-02-2023,1,  Not worth the money.   
129,209,11,31-08-2023,4,"Great purchase, very satisfied."
130,191,7,31-12-2024,3,"Average experience, nothing special."
131,242,11,22-08-2024,1,I had a bad experience with this product.
132,278,1,07-08-2024,3,"  Good quality, but could be cheaper.   "
133,81,17,10-07-2023,1,The  product  stopped  working  after  a  month.
134,62,20,18-02-2024,5,The quality is top-notch. Fits perfectly!
135,269,16,27-07-2024,2,Product did not meet my expectations.
136,167,16,31-05-2024,1,  I had a bad experience with this product.   
137,283,5,19-12-2024,1,Not worth the money.
138,244,7,21-04-2024,3,"Good quality, but could be cheaper."
139,127,2,25-08-2024,2,Product did not meet my expectations.
140,234,8,17-08-2024,1,    I  had  a  bad  experience  with  this  product.      
141,264,8,23-03-2024,3,"Good quality, but could be cheaper."
142,211,1,05-08-2024,2,Product did not meet my expectations.
143,292,16,30-05-2024,1,Not worth the money.
144,167,11,12-01-2023,1,  Not worth the money.   
145,29,10,12-10-2023,3,"Average experience, nothing special."
146,24,15,22-12-2024,4,Five stars for the quick delivery.
147,205,6,16-09-2024,1,The  product  stopped  working  after  a  month.
148,14,3,18-01-2023,2,  Product did not meet my expectations.   
149,119,6,07-12-2024,4,Five stars for the quick delivery.
150,208,12,01-06-2023,2,Product did not meet my expectations.
151,265,6,20-12-2023,4,Shipping was fast and the item was well-packaged.
152,198,8,17-01-2023,3,"  Average experience, nothing special.   "
153,156,3,26-12-2023,3,"Good quality, but could be cheaper."
154,256,4,11-03-2023,2,Product  did  not  meet  my  expectations.
155,227,11,28-07-2023,2,Disappointed with the performance.
156,283,15,18-06-2023,4,  Shipping was fast and the item was well-packaged.   
157,162,18,03-04-2023,1,The product stopped working after a month.
158,284,15,17-11-2024,5,The quality is top-notch. Fits perfectly!
159,260,17,08-11-2023,5,The quality is top-notch. Fits perfectly!
160,254,11,29-12-2024,3,"  Average experience, nothing special.   "
161,103,18,03-01-2023,3,"Average  experience,  nothing  special."
162,101,13,13-12-2023,2,Disappointed with the performance.
163,245,5,23-03-2024,2,The product arrived late.
164,112,20,15-01-2024,5,  The quality is top-notch. Fits perfectly!   
165,233,1,24-12-2023,5,"Excellent product, highly recommend!"
166,98,2,23-02-2024,2,Disappointed with the performance.
167,213,15,06-07-2023,5,"Excellent product, highly recommend!"
168,66,18,20-04-2023,3,"    Average  experience,  nothing  special.      "
169,199,18,06-09-2023,2,The product arrived late.
170,231,1,07-07-2023,2,Product did not meet my expectations.
171,267,11,18-08-2023,2,Product did not meet my expectations.
172,292,18,09-06-2023,5,"  Excellent product, highly recommend!   "
173,148,19,24-06-2023,4,Shipping was fast and the item was well-packaged.
174,44,8,29-04-2024,5,"Excellent product, highly recommend!"
175,246,8,03-01-2023,3,"Good  quality,  but  could  be  cheaper."
176,99,19,06-02-2023,2,  The product arrived late.   
177,191,17,09-08-2023,5,The quality is top-notch. Fits perfectly!
178,209,18,25-09-2023,1,I had a bad experience with this product.
179,257,7,11-03-2024,1,Not worth the money.
180,265,4,09-03-2024,2,  Product did not meet my expectations.   
181,83,7,02-07-2024,3,"Good quality, but could be cheaper."
182,218,11,13-11-2024,3,"Good  quality,  but  could  be  cheaper."
183,24,13,01-05-2024,2,Product did not meet my expectations.
184,191,12,31-07-2024,3,"  Average experience, nothing special.   "
185,230,8,01-12-2023,4,Shipping was fast and the item was well-packaged.
186,52,1,23-11-2023,1,The product stopped working after a month.
187,227,16,05-11-2024,4,Five stars for the quick delivery.
188,182,1,28-10-2023,5,  The quality is top-notch. Fits perfectly!   
189,92,11,05-12-2024,1,Not  worth  the  money.
190,273,20,29-05-2024,2,The product arrived late.
191,34,1,05-10-2024,2,The product arrived late.
192,164,11,25-06-2024,2,  Product did not meet my expectations.   
193,78,7,17-12-2023,2,Product did not meet my expectations.
194,258,10,04-01-2024,1,Not worth the money.
195,242,5,17-02-2023,2,The product arrived late.
196,11,5,23-10-2023,5,"    Excellent  product,  highly  recommend!      "
197,9,10,29-03-2023,3,"Average experience, nothing special."
198,31,15,07-11-2023,2,Disappointed with the performance.
199,126,4,20-02-2024,3,"Good quality, but could be cheaper."
200,8,17,18-11-2024,5,"  Excellent product, highly recommend!   "
201,220,4,30-03-2023,3,"Average experience, nothing special."
202,188,13,23-03-2024,5,"Excellent product, highly recommend!"
203,119,10,18-01-2023,1,The  product  stopped  working  after  a  month.
204,142,15,10-11-2024,1,  I had a bad experience with this product.   
205,183,2,13-02-2023,5,The quality is top-notch. Fits perfectly!
206,160,11,19-07-2024,4,Shipping was fast and the item was well-packaged.
207,18,18,24-08-2024,4,Five stars for the quick delivery.
208,67,16,24-01-2023,3,"  Good quality, but could be cheaper.   "
209,293,20,29-11-2024,5,The quality is top-notch. Fits perfectly!
210,197,10,13-09-2024,1,Not  worth  the  money.
211,158,20,05-09-2023,3,"Average experience, nothing special."
212,224,12,13-12-2024,1,  I had a bad experience with this product.   
213,260,2,25-11-2024,4,"Great purchase, very satisfied."
214,202,7,29-07-2024,4,"Great purchase, very satisfied."
215,207,10,13-05-2024,4,Five stars for the quick delivery.
216,85,10,07-01-2024,3,"  Average experience, nothing special.   "
217,262,4,11-05-2024,5,The  quality  is  top-notch.  Fits  perfectly!
218,269,8,30-08-2023,3,"Average experience, nothing special."
219,34,10,20-10-2024,1,I had a bad experience with this product.
220,95,9,06-10-2023,1,  I had a bad experience with this product.   
221,209,13,20-12-2024,4,"Great purchase, very satisfied."
222,19,2,05-02-2023,4,Shipping was fast and the item was well-packaged.
223,183,7,28-08-2024,1,The product stopped working after a month.
224,281,1,07-10-2023,1,    The  product  stopped  working  after  a  month.      
225,282,18,03-03-2024,2,Product did not meet my expectations.
226,85,11,17-04-2023,4,Shipping was fast and the item was well-packaged.
227,6,19,21-01-2024,5,"Excellent product, highly recommend!"
228,225,2,01-08-2024,2,  Disappointed with the performance.   
229,258,15,04-08-2023,5,"Excellent product, highly recommend!"
230,255,1,27-08-2024,2,The product arrived late.
231,60,13,21-02-2024,2,The  product  arrived  late.
232,288,4,17-08-2023,5,  The quality is top-notch. Fits perfectly!   
233,118,18,29-10-2023,3,"Good quality, but could be cheaper."
234,56,6,16-07-2024,5,"Excellent product, highly recommend!"
235,187,2,14-04-2023,3,"Good quality, but could be cheaper."
236,130,11,25-09-2023,3,"  Good quality, but could be cheaper.   "
237,198,5,14-01-2024,2,Product did not meet my expectations.
238,119,4,08-06-2023,3,"Average  experience,  nothing  special."
239,113,14,21-04-2023,4,Five stars for the quick delivery.
240,226,13,30-08-2024,2,  The product arrived late.   
241,232,13,26-06-2023,1,Not worth the money.
242,83,19,30-12-2023,2,Product did not meet my expectations.
243,300,10,15-05-2024,4,Shipping was fast and the item was well-packaged.
244,187,2,22-07-2024,5,  The quality is top-notch. Fits perfectly!   
245,289,17,23-09-2024,1,Not  worth  the  money.
246,232,4,22-04-2024,4,"Great purchase, very satisfied."
247,113,3,11-12-2023,1,Not worth the money.
248,254,4,10-03-2024,5,  The quality is top-notch. Fits perfectly!   
249,143,6,27-01-2024,5,"Excellent product, highly recommend!"
250,136,9,03-04-2024,5,"Excellent product, highly recommend!"
251,214,11,07-02-2023,4,Shipping was fast and the item was well-packaged.
252,135,4,14-01-2024,4,    Five  stars  for  the  quick  delivery.      
253,221,9,18-10-2023,3,"Average experience, nothing special."
254,257,5,05-09-2024,1,Not worth the money.
255,213,20,20-10-2023,1,The product stopped working after a month.
256,189,9,30-03-2023,1,  I had a bad experience with this product.   
257,294,4,13-08-2023,1,The product stopped working after a month.
258,238,18,15-02-2023,4,Shipping was fast and the item was well-packaged.
259,260,16,14-03-2024,4,Five  stars  for  the  quick  delivery.
260,11,20,13-07-2023,1,  Not worth the money.   
261,281,7,30-03-2024,4,"Great purchase, very satisfied."
262,201,11,18-06-2023,4,Shipping was fast and the item was well-packaged.
263,89,16,17-11-2024,3,"Good quality, but could be cheaper."
264,2,16,16-10-2023,1,  I had a bad experience with this product.   
265,62,10,23-03-2024,4,Shipping was fast and the item was well-packaged.
266,139,1,24-06-2023,3,"Good  quality,  but  could  be  cheaper."
267,64,7,27-12-2023,4,"Great purchase, very satisfied."
268,145,5,30-11-2023,3,"  Average experience, nothing special.   "
269,175,13,30-03-2023,2,The product arrived late.
270,102,5,16-03-2024,1,The product stopped working after a month.
271,79,3,01-08-2023,2,The product arrived late.
272,131,4,05-12-2024,3,"  Average experience, nothing special.   "
273,177,3,10-01-2023,2,Disappointed  with  the  performance.
274,181,9,16-05-2023,1,I had a bad experience with this product.
275,186,5,07-05-2024,3,"Average experience, nothing special."
276,4,12,16-02-2024,2,  The product arrived late.   
277,258,2,06-06-2024,4,Shipping was fast and the item was well-packaged.
278,270,6,14-12-2024,5,The quality is top-notch. Fits perfectly!
279,225,6,27-04-2024,5,"Excellent product, highly recommend!"
280,78,13,12-07-2023,4,"    Great  purchase,  very  satisfied.      "
281,158,2,09-12-2024,1,I had a bad experience with this product.
282,95,20,05-08-2023,2,Product did not meet my expectations.
283,272,4,12-09-2023,4,Five stars for the quick delivery.
284,209,16,12-06-2023,2,  Product did not meet my expectations.   
285,127,8,08-06-2023,3,"Good quality, but could be cheaper."
286,65,15,02-04-2024,1,The product stopped working after a month.
287,220,15,26-10-2023,3,"Good  quality,  but  could  be  cheaper."
288,172,17,04-06-2024,5,"  Excellent product, highly recommend!   "
289,298,10,30-01-2024,2,The product arrived late.
290,229,15,29-10-2023,2,Disappointed with the performance.
291,78,19,24-10-2023,4,Shipping was fast and the item was well-packaged.
292,100,3,26-07-2023,3,"  Good quality, but could be cheaper.   "
293,251,12,14-10-2024,2,Product did not meet my expectations.
294,81,13,23-02-2024,2,The  product  arrived  late.
295,134,20,05-01-2023,1,I had a bad experience with this product.
296,170,8,19-02-2024,1,  I had a bad experience with this product.   
297,217,15,23-10-2024,2,The product arrived late.
298,108,6,02-02-2023,4,"Great purchase, very satisfied."
299,39,13,07-05-2023,1,The product stopped working after a month.
300,106,4,10-05-2024,2,  Product did not meet my expectations.   
301,8,11,07-09-2023,4,Shipping  was  fast  and  the  item  was  well-packaged.
302,22,7,21-07-2024,1,I had a bad experience with this product.
303,274,8,13-07-2023,4,"Great purchase, very satisfied."
304,53,11,11-11-2024,1,  The product stopped working after a month.   
305,50,17,17-01-2023,5,"Excellent product, highly recommend!"
306,204,13,14-10-2023,2,The product arrived late.
307,6,6,13-09-2023,3,"Good quality, but could be cheaper."
308,70,18,01-03-2023,5,"    Excellent  product,  highly  recommend!      "
309,114,17,25-06-2024,1,The product stopped working after a month.
310,188,7,15-03-2023,5,"Excellent product, highly recommend!"
311,182,9,15-11-2024,4,"Great purchase, very satisfied."
312,289,16,11-07-2024,5,"  Excellent product, highly recommend!   "
313,185,16,09-09-2023,4,Shipping was fast and the item was well-packaged.
314,45,11,16-08-2024,1,Not worth the money.
315,44,1,20-11-2024,3,"Good  quality,  but  could  be  cheaper."
316,219,1,27-05-2024,3,"  Good quality, but could be cheaper.   "
317,94,8,25-01-2024,3,"Average experience, nothing special."
318,31,10,11-02-2024,5,The quality is top-notch. Fits perfectly!
319,73,14,30-10-2024,4,Five stars for the quick delivery.
320,74,10,21-05-2024,2,  The product arrived late.   
321,68,5,11-12-2023,5,"Excellent product, highly recommend!"
322,282,5,12-03-2024,1,I  had  a  bad  experience  with  this  product.
323,51,8,12-12-2023,5,The quality is top-notch. Fits perfectly!
324,213,5,08-03-2023,5,  The quality is top-notch. Fits perfectly!   
325,272,10,03-02-2023,5,"Excellent product, highly recommend!"
326,166,16,20-09-2024,2,Disappointed with the performance.
327,255,1,09-02-2024,4,Five stars for the quick delivery.
328,269,3,08-02-2023,2,  Disappointed with the performance.   
329,245,12,08-07-2023,3,"Good  quality,  but  could  be  cheaper."
330,272,13,04-03-2024,3,"Average experience, nothing special."
331,26,18,08-08-2023,3,"Good quality, but could be cheaper."
332,283,3,05-02-2024,2,  The product arrived late.   
333,84,4,25-10-2023,5,The quality is top-notch. Fits perfectly!
334,227,8,27-04-2024,4,"Great purchase, very satisfied."
335,28,17,03-12-2024,2,Product did not meet my expectations.
336,43,9,22-07-2023,2,    Disappointed  with  the  performance.      
337,10,7,25-09-2024,5,The quality is top-notch. Fits perfectly!
338,80,1,23-02-2023,3,"Average experience, nothing special."
339,201,6,12-02-2024,1,Not worth the money.
340,21,16,08-01-2023,1,  I had a bad experience with this product.   
341,91,10,19-05-2024,4,Shipping was fast and the item was well-packaged.
342,263,11,30-10-2024,2,Product did not meet my expectations.
343,268,18,26-06-2024,2,Disappointed  with  the  performance.
344,88,3,25-08-2023,4,  Five stars for the quick delivery.   
345,237,8,29-06-2024,5,"Excellent product, highly recommend!"
346,170,6,06-06-2023,2,Disappointed with the performance.
347,107,6,19-05-2023,2,Disappointed with the performance.
348,233,6,02-12-2023,4,  Shipping was fast and the item was well-packaged.   
349,20,4,31-10-2023,2,Disappointed with the performance.
350,128,18,01-12-2024,4,Shipping  was  fast  and  the  item  was  well-packaged.
351,251,12,26-10-2023,4,"Great purchase, very satisfied."
352,44,17,03-07-2024,3,"  Good quality, but could be cheaper.   "
353,160,12,06-09-2024,4,Shipping was fast and the item was well-packaged.
354,233,18,23-02-2023,5,The quality is top-notch. Fits perfectly!
355,244,19,27-06-2023,1,The product stopped working after a month.
356,139,14,10-08-2023,3,"  Good quality, but could be cheaper.   "
357,211,20,19-06-2024,4,"Great  purchase,  very  satisfied."
358,245,12,04-01-2024,1,I had a bad experience with this product.
359,188,1,14-10-2023,3,"Average experience, nothing special."
360,279,8,06-07-2024,2,  Product did not meet my expectations.   
361,185,2,14-01-2023,1,The product stopped working after a month.
362,256,15,02-02-2023,2,Disappointed with the performance.
363,298,2,12-07-2023,5,"Excellent product, highly recommend!"
364,228,5,08-04-2023,1,    I  had  a  bad  experience  with  this  product.      
365,40,8,07-01-2024,2,Disappointed with the performance.
366,257,1,17-10-2023,4,"Great purchase, very satisfied."
367,108,8,23-04-2023,1,Not worth the money.
368,192,14,17-08-2024,3,"  Good quality, but could be cheaper.   "
369,136,1,29-04-2023,5,The quality is top-notch. Fits perfectly!
370,43,10,20-02-2024,5,The quality is top-notch. Fits perfectly!
371,47,20,24-11-2024,4,"Great  purchase,  very  satisfied."
372,107,11,10-07-2023,5,  The quality is top-notch. Fits perfectly!   
373,223,6,28-06-2023,1,Not worth the money.
374,197,2,04-12-2024,2,Disappointed with the performance.
375,107,3,02-02-2024,1,The product stopped working after a month.
376,142,5,31-01-2024,3,"  Good quality, but could be cheaper.   "
377,117,8,30-04-2023,3,"Good quality, but could be cheaper."
378,49,10,23-02-2023,2,The  product  arrived  late.
379,80,7,18-04-2023,5,The quality is top-notch. Fits perfectly!
380,33,16,29-03-2023,1,  The product stopped working after a month.   
381,230,4,08-09-2024,1,Not worth the money.
382,299,10,21-11-2023,2,Product did not meet my expectations.
383,129,2,09-12-2023,1,Not worth the money.
384,57,20,12-11-2024,1,  I had a bad experience with this product.   
385,294,12,30-01-2023,2,The  product  arrived  late.
386,38,20,27-12-2024,5,The quality is top-notch. Fits perfectly!
387,3,11,27-02-2024,1,Not worth the money.
388,226,8,14-10-2024,3,"  Average experience, nothing special.   "
389,81,14,20-08-2023,3,"Average experience, nothing special."
390,189,3,28-04-2024,1,Not worth the money.
391,222,8,06-01-2024,4,Five stars for the quick delivery.
392,136,4,03-09-2023,1,    I  had  a  bad  experience  with  this  product.      
393,15,5,22-12-2024,4,Five stars for the quick delivery.
394,270,13,05-05-2024,5,"Excellent product, highly recommend!"
395,28,13,29-02-2024,3,"Average experience, nothing special."
396,217,1,22-06-2023,4,  Shipping was fast and the item was well-packaged.   
397,298,6,17-07-2023,3,"Average experience, nothing special."
398,229,15,30-03-2024,4,Shipping was fast and the item was well-packaged.
399,42,10,16-08-2024,5,The  quality  is  top-notch.  Fits  perfectly!
400,189,16,29-03-2023,2,  Product did not meet my expectations.   
401,173,7,04-06-2023,4,Five stars for the quick delivery.
402,254,20,24-09-2024,2,Product did not meet my expectations.
403,179,6,08-02-2024,5,"Excellent product, highly recommend!"
404,162,17,20-04-2024,2,  The product arrived late.   
405,269,20,29-04-2023,3,"Good quality, but could be cheaper."
406,284,8,12-04-2023,2,Product  did  not  meet  my  expectations.
407,55,11,27-04-2023,5,"Excellent product, highly recommend!"
408,35,9,16-06-2023,1,  The product stopped working after a month.   
409,135,4,10-06-2023,4,Shipping was fast and the item was well-packaged.
410,257,10,09-01-2024,4,Shipping was fast and the item was well-packaged.
411,214,15,11-08-2023,5,"Excellent product, highly recommend!"
412,105,15,18-03-2023,1,  The product stopped working after a month.   
413,241,9,05-04-2023,2,Disappointed  with  the  performance.
414,1,14,16-02-2024,2,Disappointed with the performance.
415,165,10,22-11-2023,1,I had a bad experience with this product.
416,28,18,27-12-2023,2,  Product did not meet my expectations.   
417,3,7,18-09-2023,5,The quality is top-notch. Fits perfectly!
418,63,3,19-05-2024,3,"Good quality, but could be cheaper."
419,46,15,30-01-2023,3,"Good quality, but could be cheaper."
420,54,7,27-10-2024,5,    The  quality  is  top-notch.  Fits  perfectly!      
421,59,4,19-11-2024,4,Five stars for the quick delivery.
422,232,7,29-06-2024,4,"Great purchase, very satisfied."
423,47,17,08-10-2024,1,I had a bad experience with this product.
424,45,15,16-06-2023,5,  The quality is top-notch. Fits perfectly!   
425,126,11,26-04-2024,2,Disappointed with the performance.
426,195,12,08-03-2024,4,Shipping was fast and the item was well-packaged.
427,7,1,07-03-2023,2,Disappointed  with  the  performance.
428,33,11,25-10-2023,4,  Five stars for the quick delivery.   
429,205,2,27-12-2024,2,Product did not meet my expectations.
430,284,5,25-10-2023,5,"Excellent product, highly recommend!"
431,63,14,14-10-2023,4,"Great purchase, very satisfied."
432,139,6,07-11-2023,1,  I had a bad experience with this product.   
433,36,4,17-09-2023,2,Product did not meet my expectations.
434,163,10,05-11-2024,3,"Good  quality,  but  could  be  cheaper."
435,224,5,09-10-2023,1,Not worth the money.
436,271,5,10-05-2023,4,"  Great purchase, very satisfied.   "
437,32,14,28-10-2023,4,Five stars for the quick delivery.
438,38,3,08-03-2024,2,The product arrived late.
439,134,13,26-02-2023,4,"Great purchase, very satisfied."
440,266,20,23-12-2023,5,"  Excellent product, highly recommend!   "
441,174,20,02-06-2023,4,"Great  purchase,  very  satisfied."
442,143,14,05-02-2024,3,"Average experience, nothing special."
443,76,3,22-05-2024,4,Shipping was fast and the item was well-packaged.
444,218,9,29-11-2023,4,"  Great purchase, very satisfied.   "
445,120,4,19-03-2024,1,Not worth the money.
446,139,19,19-11-2023,5,The quality is top-notch. Fits perfectly!
447,221,2,28-11-2023,1,I had a bad experience with this product.
448,148,4,09-04-2023,1,    The  product  stopped  working  after  a  month.      
449,110,16,30-10-2024,5,"Excellent product, highly recommend!"
450,115,10,18-10-2024,3,"Good quality, but could be cheaper."
451,124,4,01-12-2024,5,The quality is top-notch. Fits perfectly!
452,255,18,04-09-2024,1,  I had a bad experience with this product.   
453,24,16,02-07-2024,3,"Good quality, but could be cheaper."
454,296,11,08-04-2024,1,The product stopped working after a month.
455,193,2,25-04-2023,2,The  product  arrived  late.
456,270,8,15-01-2023,4,  Shipping was fast and the item was well-packaged.   
457,55,11,11-10-2024,4,Shipping was fast and the item was well-packaged.
458,146,16,10-11-2023,2,Product did not meet my expectations.
459,124,8,01-10-2023,1,The product stopped working after a month.
460,115,12,01-11-2024,1,  I had a bad experience with this product.   
461,241,8,18-03-2024,1,Not worth the money.
462,245,2,07-04-2023,1,I  had  a  bad  experience  with  this  product.
463,219,17,04-01-2024,4,Five stars for the quick delivery.
464,186,8,20-03-2023,1,  I had a bad experience with this product.   
465,248,11,19-02-2023,4,Shipping was fast and the item was well-packaged.
466,3,19,08-08-2023,2,Product did not meet my expectations.
467,10,3,29-04-2023,2,The product arrived late.
468,168,20,12-02-2024,2,  The product arrived late.   
469,294,15,03-10-2023,1,I  had  a  bad  experience  with  this  product.
470,10,20,03-01-2024,4,Five stars for the quick delivery.
471,290,1,02-12-2023,1,The product stopped working after a month.
472,182,2,05-09-2024,3,"  Average experience, nothing special.   "
473,248,19,06-06-2023,2,The product arrived late.
474,35,17,01-10-2023,2,Product did not meet my expectations.
475,79,13,12-02-2024,2,The product arrived late.
476,26,13,30-07-2023,1,    The  product  stopped  working  after  a  month.      
477,89,10,20-03-2023,3,"Good quality, but could be cheaper."
478,49,3,03-09-2024,3,"Average experience, nothing special."
479,138,2,07-12-2024,1,The product stopped working after a month.
480,196,6,14-05-2024,2,  The product arrived late.   
481,14,17,29-06-2024,1,The product stopped working after a month.
482,28,13,29-05-2024,1,Not worth the money.
483,104,3,06-05-2023,4,Five  stars  for  the  quick  delivery.
484,61,15,19-08-2024,3,"  Average experience, nothing special.   "
485,72,18,02-06-2023,1,Not worth the money.
486,83,7,05-09-2023,5,"Excellent product, highly recommend!"
487,95,11,04-02-2024,2,Product did not meet my expectations.
488,256,5,21-12-2023,5,  The quality is top-notch. Fits perfectly!   
489,110,17,19-12-2023,1,Not worth the money.
490,220,4,10-03-2024,4,Five  stars  for  the  quick  delivery.
491,236,4,25-09-2023,5,"Excellent product, highly recommend!"
492,98,9,28-06-2023,2,  Product did not meet my expectations.   
493,254,7,28-05-2023,4,"Great purchase, very satisfied."
494,162,16,27-08-2023,1,The product stopped working after a month.
495,251,9,04-07-2023,1,Not worth the money.
496,52,10,04-06-2023,5,  The quality is top-notch. Fits perfectly!   
497,130,6,05-02-2023,2,Product  did  not  meet  my  expectations.
498,123,16,25-09-2023,5,"Excellent product, highly recommend!"
499,190,17,11-04-2024,5,"Excellent product, highly recommend!"
500,148,5,17-12-2023,5,  The quality is top-notch. Fits perfectly!   
501,169,19,20-05-2023,1,I had a bad experience with this product.
502,169,8,18-10-2024,1,Not worth the money.
503,2,19,08-01-2024,3,"Average experience, nothing special."
504,281,16,21-05-2024,2,    Disappointed  with  the  performance.      
505,115,13,30-10-2023,1,I had a bad experience with this product.
506,94,16,04-08-2023,2,Product did not meet my expectations.
507,300,12,09-04-2024,4,Five stars for the quick delivery.
508,114,17,03-10-2024,5,"  Excellent product, highly recommend!   "
509,217,3,11-05-2023,2,Disappointed with the performance.
510,77,3,03-09-2023,3,"Average experience, nothing special."
511,54,4,06-11-2024,1,I  had  a  bad  experience  with  this  product.
512,38,8,02-11-2024,4,"  Great purchase, very satisfied.   "
513,26,4,31-01-2023,2,Product did not meet my expectations.
514,169,7,17-01-2024,1,Not worth the money.
515,23,6,24-09-2023,3,"Good quality, but could be cheaper."
516,296,9,21-06-2024,1,  Not worth the money.   
517,148,4,24-06-2023,4,"Great purchase, very satisfied."
518,72,5,05-07-2023,4,"Great  purchase,  very  satisfied."
519,88,2,25-07-2024,2,Product did not meet my expectations.
520,128,17,26-11-2023,1,  The product stopped working after a month.   
521,243,2,12-08-2024,4,Shipping was fast and the item was well-packaged.
522,107,19,18-04-2023,4,"Great purchase, very satisfied."
523,246,1,23-06-2024,3,"Average experience, nothing special."
524,288,15,15-06-2024,4,"  Great purchase, very satisfied.   "
525,246,20,23-06-2023,5,"Excellent  product,  highly  recommend!"
526,116,4,10-03-2024,1,The product stopped working after a month.
527,284,6,24-05-2023,3,"Good quality, but could be cheaper."
528,28,17,07-01-2023,2,  Disappointed with the performance.   
529,108,15,11-03-2023,3,"Average experience, nothing special."
530,55,20,26-08-2023,5,"Excellent product, highly recommend!"
531,230,18,05-11-2023,4,Shipping was fast and the item was well-packaged.
532,279,18,10-09-2023,2,    The  product  arrived  late.      
533,2,7,30-03-2024,1,I had a bad experience with this product.
534,143,15,25-08-2023,2,The product arrived late.
535,64,4,17-08-2023,1,Not worth the money.
536,107,15,04-03-2023,1,  I had a bad experience with this product.   
537,129,19,30-09-2023,3,"Good quality, but could be cheaper."
538,87,10,11-01-2024,3,"Average experience, nothing special."
539,158,1,26-03-2024,2,Product  did  not  meet  my  expectations.
540,8,1,25-11-2023,4,"  Great purchase, very satisfied.   "
541,183,11,27-10-2024,2,The product arrived late.
542,266,5,29-07-2023,4,Shipping was fast and the item was well-packaged.
543,283,4,14-11-2024,5,"Excellent product, highly recommend!"
544,262,1,14-11-2024,2,  The product arrived late.   
545,92,19,29-10-2024,1,The product stopped working after a month.
546,119,17,26-11-2023,5,The  quality  is  top-notch.  Fits  perfectly!
547,70,18,15-10-2023,2,Product did not meet my expectations.
548,247,19,20-07-2024,1,  Not worth the money.   
549,85,11,11-06-2024,2,Product did not meet my expectations.
550,182,8,20-04-2024,5,"Excellent product, highly recommend!"
551,191,14,29-10-2023,5,"Excellent product, highly recommend!"
552,165,8,10-08-2023,1,  The product stopped working after a month.   
553,18,15,17-01-2023,3,"Good  quality,  but  could  be  cheaper."
554,211,14,28-11-2024,2,Product did not meet my expectations.
555,32,13,07-08-2023,1,Not worth the money.
556,120,3,13-04-2023,2,  Disappointed with the performance.   
557,36,14,14-12-2024,5,"Excellent product, highly recommend!"
558,54,19,07-12-2023,3,"Average experience, nothing special."
559,113,1,01-09-2024,4,"Great purchase, very satisfied."
560,251,7,27-04-2023,4,"    Great  purchase,  very  satisfied.      "
561,131,2,24-08-2023,2,Product did not meet my expectations.
562,253,20,21-03-2023,2,Product did not meet my expectations.
563,5,7,12-05-2024,2,Disappointed with the performance.
564,109,1,29-02-2024,5,"  Excellent product, highly recommend!   "
565,276,19,21-05-2023,5,The quality is top-notch. Fits perfectly!
566,8,10,15-01-2024,2,The product arrived late.
567,67,2,03-05-2024,4,Five  stars  for  the  quick  delivery.
568,50,13,06-07-2023,4,  Shipping was fast and the item was well-packaged.   
569,230,10,11-05-2023,4,Shipping was fast and the item was well-packaged.
570,221,18,04-10-2023,2,Product did not meet my expectations.
571,125,5,04-01-2024,1,Not worth the money.
572,165,2,10-03-2024,3,"  Average experience, nothing special.   "
573,69,19,07-11-2024,2,Disappointed with the performance.
574,13,11,13-08-2023,3,"Good  quality,  but  could  be  cheaper."
575,226,20,12-10-2024,5,"Excellent product, highly recommend!"
576,67,1,06-04-2024,4,  Five stars for the quick delivery.   
577,18,20,20-12-2023,2,Product did not meet my expectations.
578,281,20,24-01-2023,4,"Great purchase, very satisfied."
579,161,11,12-01-2023,2,The product arrived late.
580,51,19,10-09-2024,1,  Not worth the money.   
581,213,18,27-09-2023,4,Shipping  was  fast  and  the  item  was  well-packaged.
582,165,14,01-12-2023,1,The product stopped working after a month.
583,229,18,23-03-2023,1,The product stopped working after a month.
584,229,9,29-10-2023,4,  Five stars for the quick delivery.   
585,18,11,24-09-2023,5,The quality is top-notch. Fits perfectly!
586,186,3,14-01-2024,1,The product stopped working after a month.
587,167,14,10-05-2024,1,Not worth the money.
588,144,1,31-07-2024,1,    Not  worth  the  money.      
589,90,2,30-04-2023,1,The product stopped working after a month.
590,202,16,20-11-2023,2,Disappointed with the performance.
591,125,2,25-01-2023,5,"Excellent product, highly recommend!"
592,115,9,04-10-2024,5,"  Excellent product, highly recommend!   "
593,156,2,24-12-2023,1,The product stopped working after a month.
594,276,2,01-02-2024,1,I had a bad experience with this product.
595,246,1,07-08-2024,5,"Excellent  product,  highly  recommend!"
596,131,9,19-03-2024,3,"  Average experience, nothing special.   "
597,159,17,21-09-2023,5,The quality is top-notch. Fits perfectly!
598,26,1,11-02-2023,4,Shipping was fast and the item was well-packaged.
599,20,1,27-10-2023,1,The product stopped working after a month.
600,212,9,03-01-2024,4,  Shipping was fast and the item was well-packaged.   
601,237,13,25-06-2024,1,Not worth the money.
602,109,10,02-07-2024,1,Not  worth  the  money.
603,226,12,24-06-2023,3,"Average experience, nothing special."
604,209,1,16-10-2023,2,  The product arrived late.   
605,298,20,26-05-2023,4,Shipping was fast and the item was well-packaged.
606,203,14,18-05-2023,3,"Average experience, nothing special."
607,228,14,03-03-2023,5,"Excellent product, highly recommend!"
608,99,17,10-02-2023,1,  The product stopped working after a month.   
609,241,20,06-12-2023,1,The  product  stopped  working  after  a  month.
610,41,3,03-06-2024,5,"Excellent product, highly recommend!"
611,88,4,29-01-2024,3,"Average experience, nothing special."
612,91,12,03-03-2023,2,  The product arrived late.   
613,61,12,02-08-2024,3,"Average experience, nothing special."
614,12,10,04-09-2023,5,"Excellent product, highly recommend!"
615,174,1,25-03-2024,5,"Excellent product, highly recommend!"
616,255,9,14-03-2023,1,    I  had  a  bad  experience  with  this  product.      
617,222,9,07-05-2024,1,Not worth the money.
618,248,13,13-07-2023,1,Not worth the money.
619,52,2,08-12-2024,4,"Great purchase, very satisfied."
620,81,8,05-05-2023,2,  Disappointed with the performance.   
621,235,13,28-04-2024,5,The quality is top-notch. Fits perfectly!
622,84,12,11-11-2023,3,"Good quality, but could be cheaper."
623,52,14,06-06-2024,4,Shipping  was  fast  and  the  item  was  well-packaged.
624,150,9,24-01-2024,2,  Disappointed with the performance.   
625,215,10,10-01-2024,1,Not worth the money.
626,259,20,04-07-2023,4,Shipping was fast and the item was well-packaged.
627,158,3,11-11-2024,2,The product arrived late.
628,117,6,04-06-2024,1,  Not worth the money.   
629,35,3,05-09-2023,2,Product did not meet my expectations.
630,66,9,30-11-2024,1,I  had  a  bad  experience  with  this  product.
631,143,16,30-12-2024,2,Disappointed with the performance.
632,81,19,13-04-2024,1,  The product stopped working after a month.   
633,167,19,05-04-2023,1,The product stopped working after a month.
634,137,10,26-06-2024,2,Disappointed with the performance.
635,157,1,06-01-2023,2,Disappointed with the performance.
636,159,13,14-12-2023,1,  Not worth the money.   
637,279,9,19-02-2024,4,"Great  purchase,  very  satisfied."
638,297,5,21-10-2024,1,The product stopped working after a month.
639,149,18,30-05-2024,2,Product did not meet my expectations.
640,287,1,21-10-2024,2,  Product did not meet my expectations.   
641,125,16,11-02-2024,1,I had a bad experience with this product.
642,245,14,18-09-2023,2,Disappointed with the performance.
643,241,7,08-04-2024,2,The product arrived late.
644,24,11,12-09-2023,4,    Shipping  was  fast  and  the  item  was  well-packaged.      
645,76,12,25-04-2023,2,Disappointed with the performance.
646,52,18,10-04-2024,5,"Excellent product, highly recommend!"
647,217,5,05-07-2024,2,Disappointed with the performance.
648,229,10,28-03-2024,3,"  Good quality, but could be cheaper.   "
649,235,14,11-03-2024,1,The product stopped working after a month.
650,205,2,09-12-2024,2,Disappointed with the performance.
651,42,19,04-05-2023,2,Disappointed  with  the  performance.
652,98,12,17-06-2023,3,"  Good quality, but could be cheaper.   "
653,130,5,17-12-2023,2,Disappointed with the performance.
654,108,4,04-04-2024,3,"Good quality, but could be cheaper."
655,297,16,16-01-2023,2,The product arrived late.
656,182,14,03-04-2024,3,"  Average experience, nothing special.   "
657,295,4,27-01-2023,1,I had a bad experience with this product.
658,192,14,06-08-2023,1,Not  worth  the  money.
659,213,16,17-02-2023,1,I had a bad experience with this product.
660,156,9,01-04-2024,2,  Product did not meet my expectations.   
661,247,4,06-10-2023,5,The quality is top-notch. Fits perfectly!
662,182,15,24-04-2024,5,The quality is top-notch. Fits perfectly!
663,70,12,19-01-2023,1,The product stopped working after a month.
664,44,12,13-01-2024,4,  Shipping was fast and the item was well-packaged.   
665,132,20,16-10-2023,5,The  quality  is  top-notch.  Fits  perfectly!
666,276,11,14-04-2024,1,Not worth the money.
667,166,5,15-01-2024,3,"Good quality, but could be cheaper."
668,111,16,22-09-2023,4,  Shipping was fast and the item was well-packaged.   
669,282,9,01-01-2024,3,"Average experience, nothing special."
670,173,16,04-02-2024,1,Not worth the money.
671,210,7,05-09-2023,3,"Average experience, nothing special."
672,140,6,04-01-2023,1,    The  product  stopped  working  after  a  month.      
673,171,1,01-08-2024,3,"Average experience, nothing special."
674,111,1,03-12-2024,2,Product did not meet my expectations.
675,83,16,26-04-2024,4,Five stars for the quick delivery.
676,271,5,01-05-2024,3,"  Good quality, but could be cheaper.   "
677,293,11,19-11-2024,2,The product arrived late.
678,285,16,03-03-2023,1,The product stopped working after a month.
679,285,19,07-10-2023,4,Five  stars  for  the  quick  delivery.
680,219,13,24-01-2023,4,"  Great purchase, very satisfied.   "
681,210,14,16-09-2024,2,The product arrived late.
682,16,6,20-04-2024,3,"Good quality, but could be cheaper."
683,157,9,07-07-2024,4,Five stars for the quick delivery.
684,147,7,09-12-2024,3,"  Average experience, nothing special.   "
685,24,2,08-05-2024,2,Disappointed with the performance.
686,204,4,18-03-2024,3,"Average  experience,  nothing  special."
687,115,16,22-05-2024,1,Not worth the money.
688,240,17,20-09-2023,4,  Five stars for the quick delivery.   
689,143,16,19-04-2023,3,"Good quality, but could be cheaper."
690,148,19,08-03-2023,2,Disappointed with the performance.
691,58,13,17-07-2023,1,I had a bad experience with this product.
692,220,19,08-12-2023,5,  The quality is top-notch. Fits perfectly!   
693,242,6,18-12-2023,2,Disappointed  with  the  performance.
694,91,12,06-02-2023,5,"Excellent product, highly recommend!"
695,199,20,17-03-2023,3,"Average experience, nothing special."
696,219,20,02-05-2024,2,  The product arrived late.   
697,32,16,01-10-2024,2,The product arrived late.
698,73,7,24-02-2023,2,Product did not meet my expectations.
699,24,1,20-06-2024,5,"Excellent product, highly recommend!"
700,101,7,12-11-2023,1,    The  product  stopped  working  after  a  month.      
701,297,1,25-05-2023,4,"Great purchase, very satisfied."
702,246,10,26-08-2023,4,Five stars for the quick delivery.
703,222,19,29-06-2023,1,Not worth the money.
704,143,20,16-10-2023,5,"  Excellent product, highly recommend!   "
705,283,1,03-04-2023,1,The product stopped working after a month.
706,195,19,16-10-2024,3,"Average experience, nothing special."
707,61,4,22-10-2024,1,The  product  stopped  working  after  a  month.
708,90,19,04-11-2023,3,"  Good quality, but could be cheaper.   "
709,135,2,11-09-2023,5,"Excellent product, highly recommend!"
710,55,18,09-06-2023,2,The product arrived late.
711,237,20,07-04-2023,4,Shipping was fast and the item was well-packaged.
712,223,12,27-08-2024,3,"  Average experience, nothing special.   "
713,50,3,31-10-2024,4,Five stars for the quick delivery.
714,15,7,25-08-2023,2,Disappointed  with  the  performance.
715,31,12,09-09-2024,3,"Good quality, but could be cheaper."
716,222,14,23-10-2024,2,  Disappointed with the performance.   
717,130,5,11-08-2023,2,Disappointed with the performance.
718,149,7,25-07-2024,1,I had a bad experience with this product.
719,107,16,01-01-2024,1,I had a bad experience with this product.
720,147,6,26-06-2024,2,  The product arrived late.   
721,154,13,06-09-2023,2,Product  did  not  meet  my  expectations.
722,246,8,10-11-2023,1,I had a bad experience with this product.
723,282,11,24-02-2023,1,The product stopped working after a month.
724,125,1,03-07-2023,2,  Product did not meet my expectations.   
725,244,5,01-12-2024,1,Not worth the money.
726,41,15,12-08-2024,4,"Great purchase, very satisfied."
727,39,13,12-06-2023,3,"Average experience, nothing special."
728,24,11,27-12-2023,4,"    Great  purchase,  very  satisfied.      "
729,81,14,30-03-2024,2,Disappointed with the performance.
730,75,9,01-11-2024,1,I had a bad experience with this product.
731,157,17,09-09-2023,1,The product stopped working after a month.
732,239,5,09-02-2024,2,  The product arrived late.   
733,237,16,26-08-2024,4,"Great purchase, very satisfied."
734,262,17,06-08-2024,4,Shipping was fast and the item was well-packaged.
735,41,6,23-06-2024,3,"Good  quality,  but  could  be  cheaper."
736,227,6,02-06-2024,2,  Product did not meet my expectations.   
737,246,9,24-05-2024,1,Not worth the money.
738,276,13,23-09-2024,5,"Excellent product, highly recommend!"
739,27,10,19-01-2023,2,Product did not meet my expectations.
740,195,6,03-09-2024,3,"  Good quality, but could be cheaper.   "
741,196,11,07-07-2023,1,The product stopped working after a month.
742,145,4,21-11-2023,2,Product  did  not  meet  my  expectations.
743,113,3,12-11-2024,2,The product arrived late.
744,26,5,19-01-2023,4,  Shipping was fast and the item was well-packaged.   
745,11,9,21-03-2023,1,The product stopped working after a month.
746,5,15,15-04-2023,2,Disappointed with the performance.
747,36,5,01-09-2024,1,Not worth the money.
748,144,8,05-12-2024,4,"  Great purchase, very satisfied.   "
749,234,2,04-07-2023,3,"Good  quality,  but  could  be  cheaper."
750,187,15,25-06-2024,5,"Excellent product, highly recommend!"
751,150,20,10-02-2024,4,"Great purchase, very satisfied."
752,184,11,31-01-2023,5,"  Excellent product, highly recommend!   "
753,299,7,14-01-2024,4,"Great purchase, very satisfied."
754,33,3,01-02-2023,5,"Excellent product, highly recommend!"
755,166,17,06-11-2023,3,"Average experience, nothing special."
756,203,15,19-08-2023,5,"    Excellent  product,  highly  recommend!      "
757,113,16,28-02-2023,1,The product stopped working after a month.
758,24,3,11-11-2024,1,The product stopped working after a month.
759,237,9,03-08-2024,4,"Great purchase, very satisfied."
760,48,15,04-01-2024,3,"  Good quality, but could be cheaper.   "
761,15,16,27-08-2023,5,The quality is top-notch. Fits perfectly!
762,95,4,23-12-2024,1,The product stopped working after a month.
763,228,7,09-04-2024,4,"Great  purchase,  very  satisfied."
764,121,20,07-05-2024,1,  Not worth the money.   
765,23,3,06-01-2023,5,"Excellent product, highly recommend!"
766,149,19,25-06-2023,3,"Good quality, but could be cheaper."
767,81,3,18-07-2024,2,Disappointed with the performance.
768,81,6,24-11-2024,4,  Shipping was fast and the item was well-packaged.   
769,8,1,01-03-2024,5,"Excellent product, highly recommend!"
770,107,17,26-01-2024,3,"Average  experience,  nothing  special."
771,139,19,12-03-2024,3,"Good quality, but could be cheaper."
772,28,6,27-10-2024,3,"  Average experience, nothing special.   "
773,44,9,13-09-2023,3,"Average experience, nothing special."
774,278,2,11-10-2023,2,Product did not meet my expectations.
775,43,3,24-07-2024,1,The product stopped working after a month.
776,16,2,07-11-2023,3,"  Average experience, nothing special.   "
777,27,3,20-11-2023,1,The  product  stopped  working  after  a  month.
778,125,3,25-12-2024,5,"Excellent product, highly recommend!"
779,293,11,17-09-2024,1,I had a bad experience with this product.
780,209,2,04-06-2023,2,  Product did not meet my expectations.   
781,208,20,15-07-2023,1,Not worth the money.
782,141,16,11-05-2024,2,Disappointed with the performance.
783,224,14,20-02-2023,3,"Average experience, nothing special."
784,132,17,07-12-2023,3,"    Good  quality,  but  could  be  cheaper.      "
785,77,11,28-04-2024,3,"Average experience, nothing special."
786,5,9,23-06-2023,4,Five stars for the quick delivery.
787,159,13,25-09-2023,1,Not worth the money.
788,30,13,27-08-2024,4,  Shipping was fast and the item was well-packaged.   
789,257,14,23-04-2023,1,Not worth the money.
790,252,11,22-09-2023,5,"Excellent product, highly recommend!"
791,266,6,25-05-2024,1,Not  worth  the  money.
792,256,4,29-04-2023,4,  Shipping was fast and the item was well-packaged.   
793,288,18,10-04-2023,3,"Good quality, but could be cheaper."
794,29,12,23-07-2024,5,The quality is top-notch. Fits perfectly!
795,39,19,26-05-2024,1,I had a bad experience with this product.
796,170,12,16-05-2024,5,  The quality is top-notch. Fits perfectly!   
797,286,6,16-02-2024,2,Product did not meet my expectations.
798,281,13,30-11-2023,5,The  quality  is  top-notch.  Fits  perfectly!
799,135,9,24-10-2023,5,"Excellent product, highly recommend!"
800,154,9,21-05-2023,2,  Disappointed with the performance.   
801,134,5,19-02-2024,2,Product did not meet my expectations.
802,10,17,05-07-2024,5,The quality is top-notch. Fits perfectly!
803,178,2,08-03-2023,3,"Average experience, nothing special."
804,64,8,24-03-2024,1,  I had a bad experience with this product.   
805,263,14,01-07-2023,3,"Good  quality,  but  could  be  cheaper."
806,262,9,24-09-2024,2,Product did not meet my expectations.
807,23,10,27-05-2023,4,Shipping was fast and the item was well-packaged.
808,33,14,30-07-2024,1,  I had a bad experience with this product.   
809,259,4,29-10-2023,4,Five stars for the quick delivery.
810,3,15,27-01-2024,1,I had a bad experience with this product.
811,276,3,25-03-2024,1,I had a bad experience with this product.
812,6,2,15-03-2024,2,    The  product  arrived  late.      
813,40,9,14-08-2023,3,"Good quality, but could be cheaper."
814,185,19,28-04-2024,4,Five stars for the quick delivery.
815,116,20,28-10-2024,1,Not worth the money.
816,240,13,25-02-2024,1,  The product stopped working after a month.   
817,54,2,17-11-2023,4,Shipping was fast and the item was well-packaged.
818,63,15,27-03-2023,3,"Average experience, nothing special."
819,20,1,21-05-2024,3,"Good  quality,  but  could  be  cheaper."
820,8,3,05-12-2024,2,  Product did not meet my expectations.   
821,179,4,28-12-2024,1,The product stopped working after a month.
822,275,1,06-01-2023,2,Product did not meet my expectations.
823,243,18,14-09-2023,4,Five stars for the quick delivery.
824,260,10,12-01-2024,3,"  Average experience, nothing special.   "
825,234,14,16-04-2023,2,The product arrived late.
826,220,16,08-05-2024,1,Not  worth  the  money.
827,24,14,14-03-2024,2,Product did not meet my expectations.
828,68,3,10-09-2024,1,  The product stopped working after a month.   
829,82,6,20-07-2024,1,Not worth the money.
830,120,10,23-08-2024,5,"Excellent product, highly recommend!"
831,133,7,11-01-2023,1,I had a bad experience with this product.
832,78,4,07-01-2024,4,  Five stars for the quick delivery.   
833,232,6,08-01-2024,2,Disappointed  with  the  performance.
834,249,18,16-08-2023,4,"Great purchase, very satisfied."
835,217,15,15-10-2023,1,Not worth the money.
836,28,17,25-11-2024,2,  Disappointed with the performance.   
837,53,6,04-12-2024,1,Not worth the money.
838,24,12,30-08-2024,2,Disappointed with the performance.
839,138,10,05-12-2024,2,Product did not meet my expectations.
840,201,19,30-06-2024,2,    The  product  arrived  late.      
841,15,3,30-06-2023,1,I had a bad experience with this product.
842,85,11,19-02-2024,1,Not worth the money.
843,67,2,28-06-2024,4,"Great purchase, very satisfied."
844,213,4,15-01-2023,2,  The product arrived late.   
845,277,2,02-06-2023,3,"Average experience, nothing special."
846,252,2,13-03-2023,3,"Good quality, but could be cheaper."
847,87,2,31-10-2024,3,"Good  quality,  but  could  be  cheaper."
848,124,15,05-03-2023,4,"  Great purchase, very satisfied.   "
849,191,11,25-09-2024,3,"Average experience, nothing special."
850,55,11,07-05-2023,3,"Good quality, but could be cheaper."
851,225,13,20-03-2023,3,"Good quality, but could be cheaper."
852,212,5,09-08-2024,3,"  Good quality, but could be cheaper.   "
853,178,18,11-02-2024,1,The product stopped working after a month.
854,99,13,25-02-2023,4,Five  stars  for  the  quick  delivery.
855,185,8,20-01-2024,2,The product arrived late.
856,250,7,28-05-2023,1,  Not worth the money.   
857,32,20,01-06-2023,4,Five stars for the quick delivery.
858,168,9,04-01-2024,5,The quality is top-notch. Fits perfectly!
859,282,1,01-02-2024,2,Disappointed with the performance.
860,138,1,19-09-2024,2,  Product did not meet my expectations.   
861,287,15,29-07-2023,1,I  had  a  bad  experience  with  this  product.
862,287,16,10-04-2023,2,The product arrived late.
863,103,10,01-05-2023,1,Not worth the money.
864,29,2,17-10-2024,5,  The quality is top-notch. Fits perfectly!   
865,224,13,27-11-2023,2,The product arrived late.
866,150,17,22-10-2023,4,"Great purchase, very satisfied."
867,289,8,28-01-2023,1,Not worth the money.
868,3,9,16-03-2024,5,    The  quality  is  top-notch.  Fits  perfectly!      
869,116,11,27-10-2024,1,The product stopped working after a month.
870,213,1,26-12-2024,2,The product arrived late.
871,255,2,29-01-2024,4,Shipping was fast and the item was well-packaged.
872,290,8,26-04-2024,3,"  Average experience, nothing special.   "
873,3,10,17-10-2023,2,Product did not meet my expectations.
874,27,11,21-07-2024,4,"Great purchase, very satisfied."
875,30,9,26-04-2024,5,The  quality  is  top-notch.  Fits  perfectly!
876,65,16,01-11-2024,2,  The product arrived late.   
877,296,1,13-06-2023,2,Product did not meet my expectations.
878,218,9,13-01-2024,5,"Excellent product, highly recommend!"
879,97,1,03-12-2024,1,Not worth the money.
880,25,11,07-10-2024,1,  Not worth the money.   
881,26,4,30-09-2024,2,The product arrived late.
882,168,16,03-12-2023,4,Shipping  was  fast  and  the  item  was  well-packaged.
883,247,7,09-07-2024,2,The product arrived late.
884,1,18,17-10-2023,4,  Five stars for the quick delivery.   
885,249,10,25-01-2023,3,"Good quality, but could be cheaper."
886,82,17,18-06-2023,2,The product arrived late.
887,167,1,31-03-2024,4,Five stars for the quick delivery.
888,177,11,18-08-2023,4,  Five stars for the quick delivery.   
889,7,12,11-12-2024,4,Five  stars  for  the  quick  delivery.
890,275,12,16-03-2023,3,"Average experience, nothing special."
891,190,2,30-04-2023,4,"Great purchase, very satisfied."
892,169,6,16-09-2023,2,  Product did not meet my expectations.   
893,42,3,24-03-2024,2,The product arrived late.
894,262,16,19-11-2024,1,Not worth the money.
895,177,1,06-01-2024,5,"Excellent product, highly recommend!"
896,107,20,09-12-2024,5,"    Excellent  product,  highly  recommend!      "
897,272,9,31-03-2023,2,The product arrived late.
898,13,12,05-04-2023,4,Shipping was fast and the item was well-packaged.
899,53,5,23-01-2023,1,The product stopped working after a month.
900,2,16,22-09-2023,1,  I had a bad experience with this product.   
901,22,9,18-01-2024,5,"Excellent product, highly recommend!"
902,170,14,17-08-2024,2,Disappointed with the performance.
903,109,7,07-06-2023,2,Product  did  not  meet  my  expectations.
904,209,20,29-05-2023,1,  Not worth the money.   
905,196,18,08-08-2024,2,Disappointed with the performance.
906,136,15,20-08-2023,2,The product arrived late.
907,239,20,27-07-2023,5,The quality is top-notch. Fits perfectly!
908,291,5,21-11-2024,3,"  Average experience, nothing special.   "
909,92,7,09-09-2024,5,The quality is top-notch. Fits perfectly!
910,193,2,11-01-2024,3,"Good  quality,  but  could  be  cheaper."
911,102,14,16-02-2023,2,Product did not meet my expectations.
912,42,5,05-11-2023,5,"  Excellent product, highly recommend!   "
913,105,16,30-07-2023,2,Disappointed with the performance.
914,153,20,30-03-2023,4,Five stars for the quick delivery.
915,161,18,13-03-2023,2,Disappointed with the performance.
916,114,14,03-02-2024,2,  Disappointed with the performance.   
917,148,7,17-03-2024,4,Shipping  was  fast  and  the  item  was  well-packaged.
918,107,14,25-12-2023,1,I had a bad experience with this product.
919,100,3,04-11-2024,4,Shipping was fast and the item was well-packaged.
920,162,20,14-10-2023,3,"  Average experience, nothing special.   "
921,216,18,01-05-2023,3,"Average experience, nothing special."
922,17,18,20-08-2024,3,"Average experience, nothing special."
923,56,10,26-01-2024,1,The product stopped working after a month.
924,120,4,30-06-2024,2,    Product  did  not  meet  my  expectations.      
925,282,19,05-05-2024,3,"Good quality, but could be cheaper."
926,117,8,20-11-2024,1,Not worth the money.
927,24,5,23-07-2023,5,The quality is top-notch. Fits perfectly!
928,144,5,04-08-2023,4,"  Great purchase, very satisfied.   "
929,114,17,21-06-2024,1,I had a bad experience with this product.
930,123,4,08-11-2024,2,Disappointed with the performance.
931,198,1,29-05-2023,3,"Average  experience,  nothing  special."
932,14,20,31-12-2024,1,  I had a bad experience with this product.   
933,79,16,17-01-2023,4,Shipping was fast and the item was well-packaged.
934,3,1,14-11-2023,4,"Great purchase, very satisfied."
935,280,14,24-01-2024,3,"Good quality, but could be cheaper."
936,264,10,23-04-2024,5,  The quality is top-notch. Fits perfectly!   
937,256,5,03-02-2024,5,The quality is top-notch. Fits perfectly!
938,83,15,19-11-2023,2,Product  did  not  meet  my  expectations.
939,260,20,04-03-2024,3,"Good quality, but could be cheaper."
940,104,14,30-05-2024,5,  The quality is top-notch. Fits perfectly!   
941,183,7,12-05-2024,4,"Great purchase, very satisfied."
942,272,2,22-07-2024,1,Not worth the money.
943,270,5,26-07-2023,4,"Great purchase, very satisfied."
944,23,19,16-04-2024,5,  The quality is top-notch. Fits perfectly!   
945,48,20,17-08-2024,2,The  product  arrived  late.
946,87,10,20-04-2024,2,Product did not meet my expectations.
947,26,15,06-01-2024,5,"Excellent product, highly recommend!"
948,269,13,22-05-2023,5,"  Excellent product, highly recommend!   "
949,2,19,03-06-2024,1,I had a bad experience with this product.
950,212,7,18-02-2024,2,Product did not meet my expectations.
951,271,6,01-06-2024,1,I had a bad experience with this product.
952,35,14,11-07-2024,2,    Disappointed  with  the  performance.      
953,199,1,15-01-2023,3,"Good quality, but could be cheaper."
954,205,17,28-11-2024,2,The product arrived late.
955,33,6,13-05-2024,2,Disappointed with the performance.
956,25,10,17-06-2023,3,"  Average experience, nothing special.   "
957,88,18,19-11-2024,4,Shipping was fast and the item was well-packaged.
958,194,11,30-05-2024,5,The quality is top-notch. Fits perfectly!
959,217,18,18-03-2023,1,I  had  a  bad  experience  with  this  product.
960,231,20,18-05-2023,4,  Five stars for the quick delivery.   
961,147,4,12-11-2024,2,Disappointed with the performance.
962,234,20,29-03-2024,5,The quality is top-notch. Fits perfectly!
963,112,4,12-02-2023,2,The product arrived late.
964,32,17,06-08-2023,4,  Shipping was fast and the item was well-packaged.   
965,287,1,24-09-2024,2,The product arrived late.
966,178,9,21-09-2023,2,The  product  arrived  late.
967,234,18,10-08-2024,5,The quality is top-notch. Fits perfectly!
968,140,18,10-09-2023,4,"  Great purchase, very satisfied.   "
969,131,14,22-11-2023,2,The product arrived late.
970,194,15,11-10-2024,4,Five stars for the quick delivery.
971,199,2,07-07-2023,5,"Excellent product, highly recommend!"
972,111,3,17-11-2024,2,  The product arrived late.   
973,16,14,21-12-2024,3,"Good  quality,  but  could  be  cheaper."
974,213,10,27-02-2023,3,"Average experience, nothing special."
975,296,16,12-10-2024,1,I had a bad experience with this product.
976,156,8,17-10-2024,5,  The quality is top-notch. Fits perfectly!   
977,272,16,23-07-2024,5,The quality is top-notch. Fits perfectly!
978,109,15,20-06-2024,4,Five stars for the quick delivery.
979,172,8,25-03-2024,5,"Excellent product, highly recommend!"
980,65,14,22-06-2024,2,    The  product  arrived  late.      
981,255,1,22-10-2023,5,"Excellent product, highly recommend!"
982,171,11,13-05-2024,2,The product arrived late.
983,51,8,08-10-2024,1,The product stopped working after a month.
984,226,7,21-03-2023,4,  Shipping was fast and the item was well-packaged.   
985,86,4,04-05-2024,1,I had a bad experience with this product.
986,174,13,21-05-2023,4,Shipping was fast and the item was well-packaged.
987,247,20,08-09-2024,4,Shipping  was  fast  and  the  item  was  well-packaged.
988,130,8,21-07-2023,5,"  Excellent product, highly recommend!   "
989,255,18,12-06-2023,2,Product did not meet my expectations.
990,116,2,27-12-2023,1,I had a bad experience with this product.
991,245,14,21-03-2024,4,Five stars for the quick delivery.
992,17,17,13-11-2023,5,  The quality is top-notch. Fits perfectly!   
993,226,17,08-10-2023,1,The product stopped working after a month.
994,206,9,14-01-2023,1,Not  worth  the  money.
995,59,11,28-03-2024,2,Product did not meet my expectations.
996,151,14,31-01-2024,4,  Five stars for the quick delivery.   
997,60,20,21-09-2024,1,The product stopped working after a month.
998,249,17,09-11-2024,3,"Average experience, nothing special."
999,219,11,08-10-2024,4,Five stars for the quick delivery.
1000,162,11,10-11-2024,4,  Shipping was fast and the item was well-packaged.   
