ContentID,ContentType,Campaign,ViewsClicksCombined,Likes,Date
CNT-10001,BLOG,Campaign_Summer_Boost,90467-20131,5120,2024-06-12
CNT-10002,BLOG,Campaign_Q4_Holiday,142248-30725,12942,2024-08-23
CNT-10003,Social Media,Campaign_Summer_Boost,101378-22129,6237,2024-06-22
CNT-10004,VIDEO,Campaign_Summer_Boost,37189-7889,2536,2024-11-25
CNT-10005,social media,Campaign_Spring_Sale,129449-30538,12611,2024-08-23
CNT-10006,BLOG,Campaign_Q1_Launch,147236-29535,12336,2024-01-09
CNT-10007,newsletter,Campaign_Q4_Holiday,35779-7162,2038,2023-02-12
CNT-10008,social media,Campaign_Q1_Launch,149559-28032,8572,2024-09-27
CNT-10009,BLOG,Campaign_Summer_Boost,83629-18775,5883,2023-04-16
CNT-10010,BLOG,Campaign_Q1_Launch,92115-19413,5249,2023-04-28
CNT-10011,BLOG,Campaign_Q1_Launch,148803-31892,11595,2023-10-23
CNT-10012,Newsletter,Campaign_Summer_Boost,25766-5004,1416,2024-03-30
CNT-10013,Newsletter,Campaign_Summer_Boost,105877-24037,8420,2023-08-04
CNT-10014,BLOG,Campaign_Summer_Boost,148248-31227,12949,2024-06-03
CNT-10015,Social Media,Campaign_Spring_Sale,132083-27251,7696,2024-04-02
CNT-10016,newsletter,Campaign_Q4_Holiday,144278-28320,9730,2023-07-04
CNT-10017,BLOG,Campaign_Summer_Boost,45794-8589,2822,2023-06-01
CNT-10018,Blog,Campaign_Spring_Sale,141491-30529,10804,2023-01-18
CNT-10019,newsletter,Campaign_Q1_Launch,89717-20854,8824,2024-09-06
CNT-10020,Blog,Campaign_Summer_Boost,124066-25769,6861,2023-04-19
CNT-10021,Newsletter,Campaign_Q4_Holiday,49752-9544,3253,2024-03-07
CNT-10022,newsletter,Campaign_Q1_Launch,55380-11064,3834,2023-12-18
CNT-10023,Video,Campaign_Spring_Sale,133070-27393,7283,2023-01-22
CNT-10024,Newsletter,Campaign_Summer_Boost,47486-10776,4610,2023-06-06
CNT-10025,newsletter,Campaign_Spring_Sale,141530-28849,7193,2023-03-06
CNT-10026,Blog,Campaign_Summer_Boost,44668-9898,2479,2023-04-16
CNT-10027,newsletter,Campaign_Q1_Launch,29649-5939,2613,2023-12-11
CNT-10028,social media,Campaign_Summer_Boost,107587-21661,9549,2024-01-08
CNT-10029,Newsletter,Campaign_Spring_Sale,47250-9706,3295,2024-11-10
CNT-10030,social media,Campaign_Spring_Sale,112782-25675,11090,2024-05-10
CNT-10031,Newsletter,Campaign_Q4_Holiday,148424-27196,11016,2024-09-19
CNT-10032,BLOG,Campaign_Q1_Launch,94042-22505,8685,2023-04-04
CNT-10033,Video,Campaign_Q4_Holiday,28320-5596,1230,2023-04-01
CNT-10034,BLOG,Campaign_Summer_Boost,138613-29600,11588,2023-04-06
CNT-10035,newsletter,Campaign_Spring_Sale,73475-14949,4423,2023-02-17
CNT-10036,social media,Campaign_Q1_Launch,125161-22799,7841,2024-06-14
CNT-10037,BLOG,Campaign_Q1_Launch,38067-6928,2029,2024-07-19
CNT-10038,social media,Campaign_Q1_Launch,39336-7335,3009,2023-06-27
CNT-10039,Video,Campaign_Spring_Sale,121403-23928,4982,2024-12-26
CNT-10040,social media,Campaign_Spring_Sale,71920-17003,5242,2024-05-26
CNT-10041,Video,Campaign_Spring_Sale,15639-3439,1452,2024-07-10
CNT-10042,newsletter,Campaign_Spring_Sale,31458-6718,2376,2024-06-24
CNT-10043,Blog,Campaign_Summer_Boost,132910-28068,10895,2024-02-27
CNT-10044,newsletter,Campaign_Q4_Holiday,120953-23574,9912,2023-05-19
CNT-10045,Video,Campaign_Spring_Sale,93375-19678,4391,2023-10-29
CNT-10046,Social Media,Campaign_Q4_Holiday,129023-25485,6868,2024-02-27
CNT-10047,Blog,Campaign_Summer_Boost,22860-4468,1617,2023-07-18
CNT-10048,Social Media,Campaign_Q4_Holiday,128795-26324,8175,2024-10-28
CNT-10049,BLOG,Campaign_Q1_Launch,139353-28792,11910,2023-10-07
CNT-10050,Social Media,Campaign_Summer_Boost,116756-24704,9040,2023-11-10
CNT-10051,Blog,Campaign_Q4_Holiday,71944-17192,5884,2024-12-21
CNT-10052,BLOG,Campaign_Spring_Sale,39078-8934,2524,2024-03-23
CNT-10053,Newsletter,Campaign_Summer_Boost,52794-10123,2731,2023-06-06
CNT-10054,Newsletter,Campaign_Q1_Launch,113312-22220,9749,2024-02-02
CNT-10055,Newsletter,Campaign_Q4_Holiday,31744-7539,1737,2024-07-04
CNT-10056,Social Media,Campaign_Spring_Sale,53245-10360,4071,2024-10-07
CNT-10057,Social Media,Campaign_Summer_Boost,115586-24690,5785,2023-02-23
CNT-10058,social media,Campaign_Q4_Holiday,69470-13464,5072,2023-10-04
CNT-10059,Video,Campaign_Q4_Holiday,31861-6124,1858,2023-11-05
CNT-10060,BLOG,Campaign_Q4_Holiday,146450-28510,12318,2023-12-04
CNT-10061,BLOG,Campaign_Q4_Holiday,100341-22129,6911,2024-02-13
CNT-10062,BLOG,Campaign_Q4_Holiday,146705-29799,11003,2023-02-25
CNT-10063,BLOG,Campaign_Summer_Boost,32590-7527,1753,2024-02-10
CNT-10064,newsletter,Campaign_Q4_Holiday,83455-18222,7929,2023-09-28
CNT-10065,social media,Campaign_Q4_Holiday,73770-14011,2929,2024-02-25
CNT-10066,VIDEO,Campaign_Summer_Boost,128873-25943,10914,2023-09-17
CNT-10067,Social Media,Campaign_Q1_Launch,31109-6144,1363,2024-12-02
CNT-10068,Newsletter,Campaign_Q4_Holiday,80551-16702,3756,2024-01-13
CNT-10069,Social Media,Campaign_Q1_Launch,80420-16047,5743,2023-04-05
CNT-10070,BLOG,Campaign_Q1_Launch,104215-21315,7605,2023-08-30
CNT-10071,social media,Campaign_Summer_Boost,98756-18070,4009,2023-09-27
CNT-10072,social media,Campaign_Spring_Sale,63707-14179,4610,2024-05-02
CNT-10073,Newsletter,Campaign_Q4_Holiday,68690-13131,4234,2024-08-28
CNT-10074,Video,Campaign_Summer_Boost,48779-9386,3163,2023-01-02
CNT-10075,Newsletter,Campaign_Q1_Launch,147489-31995,7018,2024-05-17
CNT-10076,Video,Campaign_Q1_Launch,110323-20858,7316,2024-06-25
CNT-10077,Blog,Campaign_Summer_Boost,135357-31675,11516,2023-10-30
CNT-10078,Newsletter,Campaign_Summer_Boost,20486-4097,955,2023-01-20
CNT-10079,Social Media,Campaign_Summer_Boost,127516-23684,5406,2023-10-24
CNT-10080,social media,Campaign_Summer_Boost,147068-33722,7121,2023-01-07
CNT-10081,newsletter,Campaign_Q4_Holiday,111018-20805,4369,2023-03-20
CNT-10082,Video,Campaign_Spring_Sale,51682-9639,3252,2024-04-11
CNT-10083,Blog,Campaign_Summer_Boost,67734-15537,3535,2024-04-02
CNT-10084,social media,Campaign_Spring_Sale,26462-5213,1150,2023-05-10
CNT-10085,newsletter,Campaign_Summer_Boost,80250-18296,4480,2024-03-11
CNT-10086,Newsletter,Campaign_Summer_Boost,119370-27616,6735,2023-07-26
CNT-10087,Newsletter,Campaign_Q1_Launch,123480-29398,8376,2023-01-23
CNT-10088,Newsletter,Campaign_Spring_Sale,80679-16718,4730,2023-06-03
CNT-10089,Newsletter,Campaign_Q4_Holiday,51397-12009,4426,2024-02-19
CNT-10090,newsletter,Campaign_Q1_Launch,52741-10932,3044,2023-01-08
CNT-10091,Video,Campaign_Summer_Boost,129458-27573,5801,2024-08-15
CNT-10092,Video,Campaign_Summer_Boost,136204-32337,12713,2023-07-02
CNT-10093,VIDEO,Campaign_Q1_Launch,115419-23916,8897,2023-07-27
CNT-10094,Social Media,Campaign_Spring_Sale,110676-25230,6229,2023-08-24
CNT-10095,social media,Campaign_Q1_Launch,112144-22020,5955,2024-08-19
CNT-10096,BLOG,Campaign_Q1_Launch,124734-24928,10081,2024-03-28
CNT-10097,Blog,Campaign_Spring_Sale,53084-12296,4630,2023-08-21
CNT-10098,Video,Campaign_Spring_Sale,86148-16419,6089,2024-02-27
CNT-10099,BLOG,Campaign_Summer_Boost,43932-9419,2219,2023-02-05
CNT-10100,Blog,Campaign_Q1_Launch,31985-6377,1761,2024-05-31
CNT-10101,Video,Campaign_Summer_Boost,40828-7471,1907,2023-10-19
CNT-10102,Newsletter,Campaign_Summer_Boost,79962-15469,4705,2023-09-01
CNT-10103,Video,Campaign_Summer_Boost,141351-31453,9186,2023-11-06
CNT-10104,social media,Campaign_Q4_Holiday,28876-5202,2106,2023-10-16
CNT-10105,VIDEO,Campaign_Q4_Holiday,84087-16312,7051,2023-02-03
CNT-10106,Social Media,Campaign_Q1_Launch,136221-24607,10868,2023-10-04
CNT-10107,newsletter,Campaign_Q1_Launch,44181-10123,2887,2024-12-17
CNT-10108,Social Media,Campaign_Spring_Sale,70618-16611,5928,2024-08-01
CNT-10109,newsletter,Campaign_Q1_Launch,132723-29002,11940,2024-01-19
CNT-10110,Newsletter,Campaign_Q1_Launch,134016-27167,8451,2023-02-07
CNT-10111,BLOG,Campaign_Q1_Launch,144389-34236,8873,2024-12-06
CNT-10112,social media,Campaign_Q1_Launch,33137-7915,2939,2024-01-07
CNT-10113,VIDEO,Campaign_Q4_Holiday,64598-12586,4563,2024-05-14
CNT-10114,social media,Campaign_Q4_Holiday,90372-19756,4089,2024-09-08
CNT-10115,Blog,Campaign_Summer_Boost,26314-5345,2009,2024-10-06
CNT-10116,Blog,Campaign_Summer_Boost,54122-12921,3663,2023-07-27
CNT-10117,BLOG,Campaign_Q4_Holiday,20624-4533,1872,2024-01-27
CNT-10118,BLOG,Campaign_Q1_Launch,83409-16975,7084,2024-04-25
CNT-10119,BLOG,Campaign_Q4_Holiday,53588-11743,4465,2024-04-05
CNT-10120,VIDEO,Campaign_Spring_Sale,122654-22269,5170,2024-10-08
CNT-10121,Newsletter,Campaign_Q1_Launch,46793-9998,3280,2023-01-21
CNT-10122,VIDEO,Campaign_Q1_Launch,72745-14997,3011,2024-10-26
CNT-10123,VIDEO,Campaign_Summer_Boost,15914-3642,789,2024-04-23
CNT-10124,Video,Campaign_Q1_Launch,66460-15929,5175,2024-02-20
CNT-10125,Social Media,Campaign_Q1_Launch,105367-24839,9949,2024-11-13
CNT-10126,newsletter,Campaign_Q4_Holiday,143698-33204,13156,2023-03-28
CNT-10127,Blog,Campaign_Q4_Holiday,50161-11128,3634,2023-04-13
CNT-10128,VIDEO,Campaign_Summer_Boost,126883-27768,10919,2024-09-06
CNT-10129,Newsletter,Campaign_Summer_Boost,128774-23396,7550,2023-07-27
CNT-10130,BLOG,Campaign_Summer_Boost,117326-26013,8863,2023-04-25
CNT-10131,Social Media,Campaign_Spring_Sale,24678-4966,2006,2023-05-04
CNT-10132,social media,Campaign_Summer_Boost,120190-23366,10090,2024-08-05
CNT-10133,newsletter,Campaign_Summer_Boost,60798-12226,2594,2024-01-01
CNT-10134,VIDEO,Campaign_Q4_Holiday,137414-30893,12969,2024-06-21
CNT-10135,Newsletter,Campaign_Q4_Holiday,64581-13031,2999,2023-05-14
CNT-10136,VIDEO,Campaign_Q4_Holiday,145190-28417,8875,2023-10-16
CNT-10137,newsletter,Campaign_Q4_Holiday,77588-15706,7008,2024-09-29
CNT-10138,BLOG,Campaign_Summer_Boost,71665-15208,4459,2024-09-10
CNT-10139,newsletter,Campaign_Q1_Launch,61515-12366,4862,2023-03-24
CNT-10140,social media,Campaign_Q1_Launch,114605-26762,8201,2024-08-14
CNT-10141,VIDEO,Campaign_Spring_Sale,115014-26291,5993,2023-04-02
CNT-10142,Newsletter,Campaign_Spring_Sale,70264-14205,5249,2023-08-06
CNT-10143,VIDEO,Campaign_Spring_Sale,140407-29964,6289,2024-10-18
CNT-10144,Newsletter,Campaign_Spring_Sale,140158-28372,7344,2023-12-06
CNT-10145,Social Media,Campaign_Q4_Holiday,60000-10991,3841,2023-10-11
CNT-10146,newsletter,Campaign_Summer_Boost,140843-29612,6764,2024-07-25
CNT-10147,Social Media,Campaign_Q4_Holiday,66633-13154,3842,2024-04-07
CNT-10148,social media,Campaign_Spring_Sale,48432-9117,2327,2024-03-27
CNT-10149,newsletter,Campaign_Q4_Holiday,102987-24133,4875,2023-09-08
CNT-10150,Blog,Campaign_Q4_Holiday,112916-25992,9384,2023-02-26
CNT-10151,BLOG,Campaign_Summer_Boost,141446-31339,10145,2024-05-09
CNT-10152,VIDEO,Campaign_Q4_Holiday,93815-18034,7730,2024-11-16
CNT-10153,Blog,Campaign_Spring_Sale,94117-20559,5172,2023-09-11
CNT-10154,VIDEO,Campaign_Q1_Launch,101619-21309,4430,2024-08-24
CNT-10155,Social Media,Campaign_Q4_Holiday,56398-10321,2765,2023-02-05
CNT-10156,social media,Campaign_Q4_Holiday,112821-23358,6729,2024-03-03
CNT-10157,Social Media,Campaign_Summer_Boost,66663-12797,2880,2024-07-02
CNT-10158,Newsletter,Campaign_Q4_Holiday,16248-3710,1240,2023-11-29
CNT-10159,Video,Campaign_Q4_Holiday,86375-16728,7204,2024-10-20
CNT-10160,Blog,Campaign_Summer_Boost,42827-7864,2982,2023-01-17
CNT-10161,Blog,Campaign_Spring_Sale,142607-32339,11262,2023-09-24
CNT-10162,social media,Campaign_Summer_Boost,87982-20278,4817,2023-01-02
CNT-10163,VIDEO,Campaign_Q1_Launch,147364-31350,11288,2024-03-01
CNT-10164,VIDEO,Campaign_Spring_Sale,55795-12596,5235,2024-08-23
CNT-10165,social media,Campaign_Summer_Boost,132518-31574,8848,2024-06-25
CNT-10166,Blog,Campaign_Q1_Launch,41409-7675,2910,2023-02-08
CNT-10167,social media,Campaign_Summer_Boost,135076-27307,5824,2023-04-05
CNT-10168,Newsletter,Campaign_Summer_Boost,57302-11635,3205,2023-12-09
CNT-10169,BLOG,Campaign_Summer_Boost,124111-29705,5965,2023-07-02
CNT-10170,VIDEO,Campaign_Spring_Sale,104570-23271,9267,2024-09-29
CNT-10171,Social Media,Campaign_Spring_Sale,80525-17246,3466,2023-03-27
CNT-10172,newsletter,Campaign_Spring_Sale,92359-17894,5300,2023-03-05
CNT-10173,BLOG,Campaign_Summer_Boost,138806-30691,11668,2023-02-21
CNT-10174,Newsletter,Campaign_Q1_Launch,80492-18962,6283,2023-03-20
CNT-10175,Video,Campaign_Q4_Holiday,108708-20274,5017,2023-05-17
CNT-10176,VIDEO,Campaign_Summer_Boost,37389-8390,1678,2023-06-24
CNT-10177,Social Media,Campaign_Summer_Boost,42969-8991,2695,2024-01-28
CNT-10178,Video,Campaign_Summer_Boost,129326-25242,10286,2024-06-25
CNT-10179,BLOG,Campaign_Summer_Boost,46941-8989,3312,2024-03-21
CNT-10180,Newsletter,Campaign_Summer_Boost,18233-3435,979,2024-09-03
CNT-10181,VIDEO,Campaign_Summer_Boost,128008-28391,11919,2024-07-19
CNT-10182,VIDEO,Campaign_Q4_Holiday,40927-9004,3437,2024-07-15
CNT-10183,Social Media,Campaign_Q1_Launch,101296-19313,7739,2024-08-29
CNT-10184,Social Media,Campaign_Spring_Sale,37451-8571,3562,2024-10-20
CNT-10185,VIDEO,Campaign_Summer_Boost,56951-12200,5216,2023-10-04
CNT-10186,VIDEO,Campaign_Summer_Boost,43877-8646,3352,2023-08-10
CNT-10187,BLOG,Campaign_Q4_Holiday,64692-13897,3767,2023-06-22
CNT-10188,Newsletter,Campaign_Summer_Boost,55327-9977,2296,2023-06-16
CNT-10189,Video,Campaign_Q1_Launch,133023-26354,5553,2023-02-22
CNT-10190,Blog,Campaign_Summer_Boost,129252-28060,9141,2024-06-17
CNT-10191,Newsletter,Campaign_Q4_Holiday,110417-24010,8065,2024-12-08
CNT-10192,Social Media,Campaign_Q4_Holiday,63920-15108,5287,2023-09-11
CNT-10193,Newsletter,Campaign_Q4_Holiday,100707-23864,10450,2024-03-02
CNT-10194,Blog,Campaign_Summer_Boost,47441-11374,5023,2023-07-15
CNT-10195,Social Media,Campaign_Q1_Launch,21668-5060,1136,2023-03-05
CNT-10196,BLOG,Campaign_Spring_Sale,72076-13416,4033,2024-06-30
CNT-10197,Social Media,Campaign_Spring_Sale,90974-17374,4563,2023-01-13
CNT-10198,Social Media,Campaign_Spring_Sale,81007-16498,7187,2024-05-03
CNT-10199,VIDEO,Campaign_Spring_Sale,56444-10193,2393,2023-09-10
CNT-10200,Blog,Campaign_Spring_Sale,78371-16631,5159,2023-02-10
CNT-10201,newsletter,Campaign_Q4_Holiday,115890-21066,8282,2024-09-25
CNT-10202,social media,Campaign_Q4_Holiday,126832-28220,12063,2023-11-06
CNT-10203,Video,Campaign_Q4_Holiday,142610-33056,7231,2024-04-04
CNT-10204,BLOG,Campaign_Spring_Sale,91575-21114,4496,2023-09-04
CNT-10205,social media,Campaign_Q1_Launch,112090-25922,5305,2024-11-20
CNT-10206,newsletter,Campaign_Spring_Sale,89359-20364,8167,2023-05-21
CNT-10207,BLOG,Campaign_Summer_Boost,62932-12959,3529,2023-03-08
CNT-10208,Newsletter,Campaign_Spring_Sale,61630-12888,5296,2024-12-27
CNT-10209,social media,Campaign_Summer_Boost,63570-12279,4474,2024-07-18
CNT-10210,Social Media,Campaign_Spring_Sale,114962-25163,11136,2024-10-03
CNT-10211,Social Media,Campaign_Q4_Holiday,126798-26749,8547,2023-02-10
CNT-10212,Blog,Campaign_Spring_Sale,75882-15262,6540,2024-10-28
CNT-10213,social media,Campaign_Q1_Launch,111263-23891,5200,2023-03-24
CNT-10214,Newsletter,Campaign_Spring_Sale,36200-7929,2217,2023-11-16
CNT-10215,newsletter,Campaign_Q1_Launch,105749-19078,6053,2024-11-02
CNT-10216,Video,Campaign_Q4_Holiday,140694-28490,10849,2024-07-18
CNT-10217,Blog,Campaign_Summer_Boost,119726-22971,6584,2024-01-22
CNT-10218,Newsletter,Campaign_Q4_Holiday,47832-10815,2805,2023-01-12
CNT-10219,BLOG,Campaign_Summer_Boost,34125-7393,3000,2024-07-19
CNT-10220,Blog,Campaign_Summer_Boost,87850-19757,4755,2024-01-15
CNT-10221,BLOG,Campaign_Summer_Boost,41429-7944,3269,2023-07-13
CNT-10222,Video,Campaign_Summer_Boost,32647-6564,1470,2024-02-28
CNT-10223,social media,Campaign_Summer_Boost,43766-10295,3870,2023-04-12
CNT-10224,Video,Campaign_Q4_Holiday,145517-28887,6551,2023-08-24
CNT-10225,Newsletter,Campaign_Spring_Sale,120356-27125,10403,2023-01-11
CNT-10226,BLOG,Campaign_Q1_Launch,81010-14897,3863,2023-05-26
CNT-10227,Social Media,Campaign_Spring_Sale,83371-15678,6530,2024-05-13
CNT-10228,newsletter,Campaign_Q1_Launch,67093-15633,6355,2023-06-26
CNT-10229,social media,Campaign_Q1_Launch,51681-10902,3383,2024-06-22
CNT-10230,social media,Campaign_Summer_Boost,95532-21063,8118,2023-11-24
CNT-10231,Social Media,Campaign_Q1_Launch,33508-7847,2434,2023-11-21
CNT-10232,Newsletter,Campaign_Spring_Sale,145559-33983,8644,2023-03-31
CNT-10233,Blog,Campaign_Spring_Sale,77549-18567,4201,2023-01-17
CNT-10234,Newsletter,Campaign_Spring_Sale,78107-14311,4407,2023-12-09
CNT-10235,Blog,Campaign_Q1_Launch,22012-4272,1845,2023-04-08
CNT-10236,Video,Campaign_Spring_Sale,124440-24622,10783,2023-04-05
CNT-10237,Video,Campaign_Q1_Launch,48813-8984,2140,2023-03-19
CNT-10238,Blog,Campaign_Q1_Launch,37870-7833,1830,2023-09-26
CNT-10239,Newsletter,Campaign_Q1_Launch,126309-27543,8748,2024-04-01
CNT-10240,social media,Campaign_Spring_Sale,31837-6268,2204,2024-05-04
CNT-10241,Video,Campaign_Spring_Sale,48648-11566,3123,2024-10-21
CNT-10242,Blog,Campaign_Q4_Holiday,82059-15819,3974,2023-11-09
CNT-10243,Social Media,Campaign_Q1_Launch,26373-5398,1169,2023-02-16
CNT-10244,Video,Campaign_Summer_Boost,118572-21356,4335,2023-10-27
CNT-10245,VIDEO,Campaign_Spring_Sale,46970-9115,2657,2024-04-11
CNT-10246,Blog,Campaign_Spring_Sale,27405-6118,2385,2023-05-31
CNT-10247,Social Media,Campaign_Spring_Sale,108674-22321,9266,2024-12-10
CNT-10248,newsletter,Campaign_Spring_Sale,37304-7809,3113,2023-03-20
CNT-10249,newsletter,Campaign_Q4_Holiday,143740-29525,11334,2024-01-15
CNT-10250,VIDEO,Campaign_Spring_Sale,146098-30508,11107,2023-05-12
CNT-10251,social media,Campaign_Q1_Launch,73512-15943,5752,2023-06-14
CNT-10252,Video,Campaign_Summer_Boost,147822-30834,6466,2024-01-05
CNT-10253,VIDEO,Campaign_Summer_Boost,98646-19778,6434,2024-06-06
CNT-10254,VIDEO,Campaign_Q4_Holiday,73548-14476,4844,2024-12-03
CNT-10255,Video,Campaign_Q4_Holiday,120575-27338,10442,2023-02-11
CNT-10256,social media,Campaign_Q1_Launch,106183-24696,9908,2024-06-06
CNT-10257,BLOG,Campaign_Spring_Sale,42798-9673,3238,2023-11-30
CNT-10258,social media,Campaign_Q4_Holiday,51754-9418,4003,2023-11-10
CNT-10259,social media,Campaign_Spring_Sale,62893-13011,4795,2023-11-20
CNT-10260,Blog,Campaign_Q1_Launch,122630-23750,6614,2024-03-06
CNT-10261,newsletter,Campaign_Q1_Launch,51771-12353,4752,2024-10-12
CNT-10262,VIDEO,Campaign_Summer_Boost,66699-13841,5040,2023-07-10
CNT-10263,Video,Campaign_Summer_Boost,109120-24109,6920,2023-12-11
CNT-10264,social media,Campaign_Summer_Boost,84987-16737,6524,2023-02-06
CNT-10265,newsletter,Campaign_Q4_Holiday,134546-27996,12372,2024-06-22
CNT-10266,Social Media,Campaign_Spring_Sale,42748-9649,2005,2023-02-09
CNT-10267,newsletter,Campaign_Spring_Sale,17398-4097,841,2024-09-25
CNT-10268,Blog,Campaign_Q4_Holiday,32839-7856,3107,2023-10-30
CNT-10269,Newsletter,Campaign_Q1_Launch,131285-26522,8565,2024-12-10
CNT-10270,Video,Campaign_Summer_Boost,39845-9425,1939,2024-12-11
CNT-10271,Blog,Campaign_Q4_Holiday,122178-25536,8438,2023-09-21
CNT-10272,Blog,Campaign_Spring_Sale,128614-24123,6587,2024-05-24
CNT-10273,Video,Campaign_Summer_Boost,123639-25741,5888,2023-01-17
CNT-10274,VIDEO,Campaign_Q4_Holiday,137211-31107,8017,2023-06-10
CNT-10275,BLOG,Campaign_Q4_Holiday,27322-6053,2208,2023-08-18
CNT-10276,Video,Campaign_Q4_Holiday,79034-14864,6094,2024-11-06
CNT-10277,Newsletter,Campaign_Q4_Holiday,82205-17759,7151,2023-03-03
CNT-10278,social media,Campaign_Q1_Launch,83362-18997,4880,2023-04-14
CNT-10279,newsletter,Campaign_Q4_Holiday,146127-34487,11841,2023-09-25
CNT-10280,Newsletter,Campaign_Spring_Sale,89351-18587,5030,2024-06-24
CNT-10281,VIDEO,Campaign_Q1_Launch,65239-11974,3926,2023-10-23
CNT-10282,social media,Campaign_Spring_Sale,79870-14777,3931,2024-01-01
CNT-10283,Newsletter,Campaign_Summer_Boost,40401-8508,1966,2024-04-19
CNT-10284,BLOG,Campaign_Q1_Launch,139421-25571,6685,2023-09-05
CNT-10285,newsletter,Campaign_Summer_Boost,66854-14957,3569,2024-01-26
CNT-10286,newsletter,Campaign_Summer_Boost,22427-5345,2129,2024-12-06
CNT-10287,BLOG,Campaign_Spring_Sale,114599-21577,4808,2024-10-26
CNT-10288,Social Media,Campaign_Spring_Sale,47367-8733,2481,2023-04-22
CNT-10289,VIDEO,Campaign_Q1_Launch,22082-4822,997,2023-01-12
CNT-10290,newsletter,Campaign_Q1_Launch,79971-17931,6498,2023-07-28
CNT-10291,Video,Campaign_Q1_Launch,109497-25432,6208,2024-11-22
CNT-10292,Blog,Campaign_Summer_Boost,57978-12685,3881,2024-03-24
CNT-10293,social media,Campaign_Summer_Boost,67472-14414,5296,2023-11-20
CNT-10294,Newsletter,Campaign_Q1_Launch,47425-10905,2477,2024-12-02
CNT-10295,BLOG,Campaign_Summer_Boost,85814-19228,5831,2024-12-19
CNT-10296,VIDEO,Campaign_Summer_Boost,101363-20158,6241,2023-11-21
CNT-10297,Social Media,Campaign_Q4_Holiday,48358-10793,3844,2023-03-03
CNT-10298,VIDEO,Campaign_Summer_Boost,96512-22974,5645,2023-07-16
CNT-10299,Social Media,Campaign_Spring_Sale,106052-22621,7878,2023-12-23
CNT-10300,Video,Campaign_Spring_Sale,102361-23804,5780,2024-06-14
CNT-10301,Video,Campaign_Summer_Boost,22344-5263,1704,2023-02-16
CNT-10302,newsletter,Campaign_Q1_Launch,133243-30445,8834,2023-10-29
CNT-10303,Social Media,Campaign_Summer_Boost,62404-12282,4609,2024-05-19
CNT-10304,newsletter,Campaign_Q4_Holiday,81351-16035,6853,2024-08-02
CNT-10305,Newsletter,Campaign_Summer_Boost,79299-14435,4428,2023-02-24
CNT-10306,Video,Campaign_Q4_Holiday,17283-3511,1169,2024-06-07
CNT-10307,Social Media,Campaign_Q4_Holiday,93027-19794,4581,2024-11-18
CNT-10308,newsletter,Campaign_Summer_Boost,110684-25251,8186,2024-08-30
CNT-10309,social media,Campaign_Summer_Boost,91088-19965,5888,2024-08-19
CNT-10310,VIDEO,Campaign_Spring_Sale,46793-8484,3492,2023-01-25
CNT-10311,newsletter,Campaign_Spring_Sale,109492-21372,9498,2023-07-22
CNT-10312,Newsletter,Campaign_Q1_Launch,39269-8848,1903,2024-09-21
CNT-10313,social media,Campaign_Spring_Sale,81288-16917,5245,2023-05-27
CNT-10314,Newsletter,Campaign_Spring_Sale,109520-24105,10200,2023-04-17
CNT-10315,newsletter,Campaign_Summer_Boost,67767-12703,3792,2023-02-28
CNT-10316,social media,Campaign_Spring_Sale,112447-20636,8384,2024-11-27
CNT-10317,Blog,Campaign_Spring_Sale,148304-35009,9265,2023-10-01
CNT-10318,Social Media,Campaign_Q4_Holiday,108713-20581,8873,2024-03-13
CNT-10319,VIDEO,Campaign_Q4_Holiday,84362-18069,6892,2023-12-11
CNT-10320,Blog,Campaign_Summer_Boost,107809-24856,9526,2023-04-29
CNT-10321,Social Media,Campaign_Q4_Holiday,65605-14665,4740,2023-10-22
CNT-10322,Social Media,Campaign_Q4_Holiday,42910-9085,2118,2023-05-29
CNT-10323,Blog,Campaign_Q1_Launch,57310-11049,4875,2024-02-08
CNT-10324,Social Media,Campaign_Q4_Holiday,116571-21698,6556,2023-10-05
CNT-10325,Video,Campaign_Summer_Boost,25599-5035,2168,2023-12-11
CNT-10326,BLOG,Campaign_Q1_Launch,36173-6865,2021,2024-05-31
CNT-10327,VIDEO,Campaign_Q1_Launch,19170-3853,1673,2024-12-25
CNT-10328,Social Media,Campaign_Spring_Sale,24925-5199,1884,2024-11-26
CNT-10329,BLOG,Campaign_Summer_Boost,59487-13538,5862,2023-05-19
CNT-10330,newsletter,Campaign_Q4_Holiday,143547-29985,8042,2023-07-31
CNT-10331,social media,Campaign_Summer_Boost,84466-16303,6325,2024-10-16
CNT-10332,newsletter,Campaign_Spring_Sale,49915-11127,3671,2023-08-10
CNT-10333,Newsletter,Campaign_Spring_Sale,35922-8243,2358,2023-02-12
CNT-10334,Video,Campaign_Spring_Sale,114445-20609,6394,2023-06-19
CNT-10335,VIDEO,Campaign_Summer_Boost,65779-15368,5481,2024-12-14
CNT-10336,Newsletter,Campaign_Q4_Holiday,104985-20261,6568,2024-01-05
CNT-10337,BLOG,Campaign_Q4_Holiday,80175-14967,3091,2023-07-05
CNT-10338,Video,Campaign_Spring_Sale,32168-6863,1753,2024-11-12
CNT-10339,BLOG,Campaign_Q1_Launch,139861-30400,12473,2024-04-23
CNT-10340,newsletter,Campaign_Spring_Sale,42643-10189,3597,2023-07-17
CNT-10341,Blog,Campaign_Q1_Launch,96616-20389,4341,2023-06-13
CNT-10342,newsletter,Campaign_Summer_Boost,22025-4658,1411,2023-01-19
CNT-10343,Video,Campaign_Q1_Launch,138750-26229,5426,2024-11-01
CNT-10344,newsletter,Campaign_Q1_Launch,56057-13264,3054,2024-08-21
CNT-10345,Blog,Campaign_Summer_Boost,62182-12107,5435,2024-12-17
CNT-10346,BLOG,Campaign_Q4_Holiday,24909-4680,1181,2023-12-02
CNT-10347,newsletter,Campaign_Summer_Boost,45143-9372,2918,2024-09-27
CNT-10348,Video,Campaign_Spring_Sale,58869-11290,4569,2024-07-18
CNT-10349,Video,Campaign_Q4_Holiday,15793-3682,996,2023-03-10
CNT-10350,newsletter,Campaign_Summer_Boost,18089-3439,1371,2023-10-14
CNT-10351,VIDEO,Campaign_Spring_Sale,21296-3893,1278,2024-07-13
CNT-10352,Newsletter,Campaign_Q4_Holiday,106632-22493,8892,2023-11-29
CNT-10353,BLOG,Campaign_Summer_Boost,16280-3504,1204,2023-04-10
CNT-10354,Blog,Campaign_Summer_Boost,26296-5201,2117,2024-03-24
CNT-10355,Social Media,Campaign_Spring_Sale,117452-24046,6560,2024-02-07
CNT-10356,Social Media,Campaign_Q4_Holiday,61656-12954,5684,2023-04-17
CNT-10357,VIDEO,Campaign_Summer_Boost,50214-9157,3647,2023-08-20
CNT-10358,Blog,Campaign_Summer_Boost,27054-5976,2224,2024-02-15
CNT-10359,Social Media,Campaign_Q1_Launch,142662-33183,8800,2023-07-18
CNT-10360,Blog,Campaign_Spring_Sale,90113-16796,6651,2024-01-22
CNT-10361,newsletter,Campaign_Summer_Boost,23785-4911,2080,2024-07-27
CNT-10362,Newsletter,Campaign_Summer_Boost,97487-20159,7159,2023-03-30
CNT-10363,Video,Campaign_Q4_Holiday,129492-26864,6388,2024-03-15
CNT-10364,Blog,Campaign_Q1_Launch,147121-30432,7883,2024-08-15
CNT-10365,newsletter,Campaign_Summer_Boost,71787-14879,3170,2023-06-13
CNT-10366,Blog,Campaign_Spring_Sale,43708-8998,2397,2024-11-23
CNT-10367,Social Media,Campaign_Summer_Boost,79709-19065,5903,2023-01-15
CNT-10368,Blog,Campaign_Q4_Holiday,15719-3105,995,2024-08-26
CNT-10369,social media,Campaign_Q4_Holiday,105324-19389,6344,2024-04-02
CNT-10370,BLOG,Campaign_Q4_Holiday,61775-14773,6278,2024-08-26
CNT-10371,Social Media,Campaign_Q1_Launch,72822-16027,7006,2023-06-12
CNT-10372,newsletter,Campaign_Spring_Sale,104729-23729,5444,2024-01-08
CNT-10373,Newsletter,Campaign_Q4_Holiday,63389-15171,3619,2023-09-13
CNT-10374,Video,Campaign_Q1_Launch,104499-21680,7078,2024-08-12
CNT-10375,BLOG,Campaign_Q1_Launch,111314-21600,8130,2023-07-05
CNT-10376,BLOG,Campaign_Q4_Holiday,114787-20797,7176,2023-01-01
CNT-10377,BLOG,Campaign_Q4_Holiday,70799-14473,5086,2024-12-15
CNT-10378,social media,Campaign_Q1_Launch,68001-15919,4253,2023-09-09
CNT-10379,Newsletter,Campaign_Summer_Boost,64557-12104,3980,2024-03-20
CNT-10380,Blog,Campaign_Q4_Holiday,130655-29917,6189,2024-05-25
CNT-10381,Video,Campaign_Q4_Holiday,26528-4814,1290,2024-01-22
CNT-10382,VIDEO,Campaign_Summer_Boost,77813-15161,4719,2023-02-22
CNT-10383,Blog,Campaign_Q1_Launch,142978-34244,14482,2023-10-18
CNT-10384,social media,Campaign_Q4_Holiday,129735-23994,9166,2024-01-26
CNT-10385,social media,Campaign_Q4_Holiday,129468-24752,5441,2024-01-02
CNT-10386,newsletter,Campaign_Q4_Holiday,93918-21596,8309,2023-09-19
CNT-10387,BLOG,Campaign_Q4_Holiday,127481-23879,5666,2024-07-06
CNT-10388,newsletter,Campaign_Summer_Boost,32581-6400,2062,2024-01-06
CNT-10389,social media,Campaign_Q1_Launch,80717-15056,5774,2024-05-30
CNT-10390,newsletter,Campaign_Spring_Sale,124645-23985,6345,2024-08-08
CNT-10391,Social Media,Campaign_Q1_Launch,57213-10766,4074,2024-08-13
CNT-10392,Social Media,Campaign_Q1_Launch,97324-20807,4285,2024-04-17
CNT-10393,VIDEO,Campaign_Spring_Sale,51336-11278,2274,2023-10-07
CNT-10394,Blog,Campaign_Summer_Boost,125076-25916,10334,2023-03-14
CNT-10395,BLOG,Campaign_Summer_Boost,43957-9848,3113,2024-12-13
CNT-10396,Newsletter,Campaign_Q4_Holiday,16852-3333,1014,2024-08-26
CNT-10397,social media,Campaign_Q1_Launch,40881-8344,3376,2023-11-14
CNT-10398,BLOG,Campaign_Q4_Holiday,120033-25146,9976,2024-11-14
CNT-10399,newsletter,Campaign_Q4_Holiday,112633-25791,9797,2024-01-30
CNT-10400,Newsletter,Campaign_Summer_Boost,141001-33608,7115,2023-12-28
CNT-10401,Social Media,Campaign_Q1_Launch,146107-32183,13905,2024-10-18
CNT-10402,Social Media,Campaign_Q4_Holiday,96487-19275,5400,2023-07-09
CNT-10403,VIDEO,Campaign_Q4_Holiday,110356-20274,6960,2024-07-04
CNT-10404,newsletter,Campaign_Spring_Sale,146407-30636,7226,2024-01-05
CNT-10405,Blog,Campaign_Summer_Boost,52157-9909,3049,2024-12-04
CNT-10406,BLOG,Campaign_Q1_Launch,123568-28843,6995,2024-07-03
CNT-10407,newsletter,Campaign_Spring_Sale,128192-29113,7828,2023-03-05
CNT-10408,Newsletter,Campaign_Q4_Holiday,51619-10236,4250,2024-03-18
CNT-10409,social media,Campaign_Q1_Launch,79422-15069,6278,2023-09-21
CNT-10410,social media,Campaign_Q1_Launch,65850-12204,4565,2024-08-03
CNT-10411,social media,Campaign_Spring_Sale,20195-4721,1072,2023-04-25
CNT-10412,Blog,Campaign_Q1_Launch,119984-24143,7857,2023-11-28
CNT-10413,BLOG,Campaign_Q4_Holiday,98829-19992,7479,2023-12-31
CNT-10414,Social Media,Campaign_Q4_Holiday,42352-8496,2286,2024-02-26
CNT-10415,newsletter,Campaign_Summer_Boost,105817-21934,9616,2023-08-05
CNT-10416,BLOG,Campaign_Q1_Launch,133768-31764,13338,2023-07-24
CNT-10417,newsletter,Campaign_Q1_Launch,78317-15639,6915,2024-03-10
CNT-10418,Newsletter,Campaign_Spring_Sale,68302-15605,5237,2024-08-11
CNT-10419,BLOG,Campaign_Q4_Holiday,80624-14842,5392,2023-05-25
CNT-10420,BLOG,Campaign_Q4_Holiday,27035-5989,2096,2024-08-20
CNT-10421,VIDEO,Campaign_Q4_Holiday,48792-9554,2924,2024-09-09
CNT-10422,Blog,Campaign_Q4_Holiday,125337-27852,6741,2023-07-20
CNT-10423,Newsletter,Campaign_Summer_Boost,51015-10503,4358,2023-04-30
CNT-10424,newsletter,Campaign_Q4_Holiday,65132-13420,4578,2024-09-12
CNT-10425,Video,Campaign_Q1_Launch,16028-3011,1345,2024-05-21
CNT-10426,VIDEO,Campaign_Q1_Launch,97000-22442,8646,2023-05-11
CNT-10427,Video,Campaign_Spring_Sale,134064-25409,10894,2023-05-08
CNT-10428,BLOG,Campaign_Q1_Launch,25869-5640,2395,2024-01-27
CNT-10429,Social Media,Campaign_Summer_Boost,85952-17622,4330,2023-02-06
CNT-10430,VIDEO,Campaign_Q4_Holiday,103232-21214,5394,2023-08-30
CNT-10431,social media,Campaign_Summer_Boost,24560-5189,1411,2023-05-15
CNT-10432,Newsletter,Campaign_Spring_Sale,99681-19381,6485,2023-10-11
CNT-10433,Video,Campaign_Spring_Sale,29065-6353,1769,2024-09-01
CNT-10434,Blog,Campaign_Q1_Launch,86736-20264,4363,2023-10-17
CNT-10435,Blog,Campaign_Spring_Sale,105839-19363,5228,2023-01-15
CNT-10436,social media,Campaign_Spring_Sale,63259-13343,5520,2024-10-17
CNT-10437,newsletter,Campaign_Q1_Launch,51625-10113,2032,2023-07-27
CNT-10438,VIDEO,Campaign_Q1_Launch,18152-3777,846,2024-07-24
CNT-10439,Social Media,Campaign_Spring_Sale,101126-22465,5849,2023-05-13
CNT-10440,newsletter,Campaign_Q4_Holiday,72832-15248,4401,2023-09-21
CNT-10441,newsletter,Campaign_Q4_Holiday,32005-6601,2052,2024-05-02
CNT-10442,social media,Campaign_Summer_Boost,99014-19664,8488,2023-10-23
CNT-10443,newsletter,Campaign_Q1_Launch,62113-14568,4393,2023-04-19
CNT-10444,BLOG,Campaign_Spring_Sale,71926-16393,5643,2023-05-11
CNT-10445,Blog,Campaign_Spring_Sale,136286-30319,12372,2023-03-12
CNT-10446,BLOG,Campaign_Q1_Launch,40748-7842,2067,2023-08-16
CNT-10447,social media,Campaign_Q1_Launch,129468-24528,8699,2024-07-06
CNT-10448,BLOG,Campaign_Spring_Sale,90503-20701,6588,2023-08-09
CNT-10449,VIDEO,Campaign_Spring_Sale,26377-5097,2190,2024-12-06
CNT-10450,VIDEO,Campaign_Spring_Sale,130763-26256,6842,2024-12-14
CNT-10451,BLOG,Campaign_Summer_Boost,136099-29952,6645,2023-10-22
CNT-10452,Social Media,Campaign_Q1_Launch,38480-7899,2909,2023-07-01
CNT-10453,Video,Campaign_Q4_Holiday,100249-21641,4576,2023-10-10
CNT-10454,Blog,Campaign_Spring_Sale,118251-23067,5856,2023-10-01
CNT-10455,Blog,Campaign_Summer_Boost,70119-16086,6228,2024-07-30
CNT-10456,Newsletter,Campaign_Q1_Launch,81291-15351,5718,2024-12-25
CNT-10457,Video,Campaign_Q1_Launch,136474-29717,7170,2024-03-28
CNT-10458,Newsletter,Campaign_Spring_Sale,98660-18689,6114,2024-10-04
CNT-10459,newsletter,Campaign_Summer_Boost,141459-26365,9238,2023-08-12
CNT-10460,social media,Campaign_Summer_Boost,72159-13159,2775,2023-02-14
CNT-10461,Video,Campaign_Q4_Holiday,70497-15371,3614,2024-06-10
CNT-10462,Newsletter,Campaign_Q4_Holiday,131901-30743,8328,2024-01-14
CNT-10463,Newsletter,Campaign_Q1_Launch,140680-26721,9740,2024-04-18
CNT-10464,Video,Campaign_Spring_Sale,90836-17845,5447,2023-08-10
CNT-10465,social media,Campaign_Spring_Sale,90246-20684,5965,2024-11-17
CNT-10466,Newsletter,Campaign_Summer_Boost,32054-6412,2482,2023-07-25
CNT-10467,BLOG,Campaign_Q1_Launch,137038-27237,6836,2023-03-11
CNT-10468,BLOG,Campaign_Q1_Launch,145992-29746,10966,2024-01-03
CNT-10469,BLOG,Campaign_Q4_Holiday,100775-22910,4654,2024-10-17
CNT-10470,social media,Campaign_Spring_Sale,132362-29733,7087,2024-08-06
CNT-10471,Newsletter,Campaign_Summer_Boost,82184-17936,3983,2024-07-31
CNT-10472,Social Media,Campaign_Spring_Sale,48523-9683,3709,2023-12-13
CNT-10473,BLOG,Campaign_Q4_Holiday,111538-25692,6409,2024-10-18
CNT-10474,Social Media,Campaign_Spring_Sale,142054-28949,6116,2023-03-13
CNT-10475,Blog,Campaign_Spring_Sale,127628-25323,5428,2024-09-25
CNT-10476,newsletter,Campaign_Q1_Launch,35310-6823,2194,2023-07-03
CNT-10477,Social Media,Campaign_Q1_Launch,19231-4176,1044,2024-10-15
CNT-10478,Social Media,Campaign_Summer_Boost,64857-14032,3389,2024-10-15
CNT-10479,BLOG,Campaign_Q1_Launch,37793-8427,3104,2023-11-09
CNT-10480,Newsletter,Campaign_Spring_Sale,83236-15110,6063,2024-11-24
CNT-10481,BLOG,Campaign_Spring_Sale,29269-6886,2182,2023-08-06
CNT-10482,Blog,Campaign_Q4_Holiday,120611-25023,8906,2023-02-21
CNT-10483,newsletter,Campaign_Spring_Sale,96449-19116,5882,2024-02-06
CNT-10484,Newsletter,Campaign_Summer_Boost,73190-15068,5591,2023-01-05
CNT-10485,Blog,Campaign_Spring_Sale,122079-25677,10776,2023-12-31
CNT-10486,Video,Campaign_Summer_Boost,102920-22102,6267,2024-10-10
CNT-10487,Newsletter,Campaign_Spring_Sale,139970-31852,9372,2024-08-02
CNT-10488,Social Media,Campaign_Spring_Sale,52421-10465,4014,2023-06-12
CNT-10489,newsletter,Campaign_Spring_Sale,94736-21132,8885,2024-07-07
CNT-10490,Social Media,Campaign_Q4_Holiday,29379-6570,1758,2023-07-01
CNT-10491,social media,Campaign_Spring_Sale,81405-17769,7441,2024-03-16
CNT-10492,Newsletter,Campaign_Q4_Holiday,42618-7788,1752,2023-11-02
CNT-10493,Newsletter,Campaign_Q1_Launch,27634-6599,2755,2024-02-10
CNT-10494,Social Media,Campaign_Q4_Holiday,138437-32748,11593,2023-06-23
CNT-10495,Blog,Campaign_Summer_Boost,81799-19089,7415,2024-11-27
CNT-10496,BLOG,Campaign_Q1_Launch,126999-27596,7754,2023-03-30
CNT-10497,social media,Campaign_Summer_Boost,86584-15829,5387,2024-07-07
CNT-10498,social media,Campaign_Spring_Sale,41606-8848,2973,2023-05-05
CNT-10499,Newsletter,Campaign_Spring_Sale,85216-17736,6143,2023-05-19
CNT-10500,social media,Campaign_Q4_Holiday,144455-31223,12372,2024-10-08
CNT-10501,Video,Campaign_Q1_Launch,56353-10684,4273,2023-03-20
CNT-10502,Newsletter,Campaign_Spring_Sale,40113-8426,2458,2023-02-01
CNT-10503,Video,Campaign_Spring_Sale,78035-16761,4876,2023-08-10
CNT-10504,VIDEO,Campaign_Spring_Sale,78534-17970,5368,2024-12-03
CNT-10505,social media,Campaign_Q1_Launch,91307-20642,7191,2023-07-01
CNT-10506,VIDEO,Campaign_Spring_Sale,142148-25974,6781,2024-07-16
CNT-10507,Newsletter,Campaign_Q4_Holiday,64098-11672,2662,2024-09-29
CNT-10508,BLOG,Campaign_Q1_Launch,79195-14719,5789,2024-05-12
CNT-10509,BLOG,Campaign_Q4_Holiday,18602-3357,676,2023-04-18
CNT-10510,VIDEO,Campaign_Q4_Holiday,113623-26375,10832,2023-08-06
CNT-10511,Social Media,Campaign_Summer_Boost,95978-20325,5371,2023-08-12
CNT-10512,newsletter,Campaign_Q1_Launch,112705-26461,7360,2024-05-19
CNT-10513,Blog,Campaign_Q4_Holiday,45217-8447,3751,2023-03-01
CNT-10514,newsletter,Campaign_Q1_Launch,49963-10440,3479,2023-07-10
CNT-10515,Video,Campaign_Summer_Boost,28953-5292,1372,2024-06-16
CNT-10516,Video,Campaign_Spring_Sale,89195-19411,6638,2023-04-27
CNT-10517,Social Media,Campaign_Spring_Sale,58969-11015,4037,2023-01-13
CNT-10518,Video,Campaign_Summer_Boost,71280-13591,5089,2024-07-13
CNT-10519,social media,Campaign_Spring_Sale,106829-20427,6387,2023-06-14
CNT-10520,BLOG,Campaign_Spring_Sale,26254-6118,1358,2023-04-25
CNT-10521,VIDEO,Campaign_Q4_Holiday,137505-29404,11214,2023-06-19
CNT-10522,social media,Campaign_Spring_Sale,116260-24373,5036,2023-03-27
CNT-10523,Newsletter,Campaign_Q4_Holiday,147523-27535,11036,2024-04-24
CNT-10524,Newsletter,Campaign_Spring_Sale,16850-3214,719,2023-07-13
CNT-10525,Newsletter,Campaign_Summer_Boost,59377-12228,3160,2023-01-17
CNT-10526,Social Media,Campaign_Spring_Sale,25694-5572,1530,2024-05-09
CNT-10527,BLOG,Campaign_Spring_Sale,21070-4150,1528,2024-01-05
CNT-10528,social media,Campaign_Q1_Launch,88665-20105,4325,2023-12-17
CNT-10529,Video,Campaign_Q4_Holiday,99502-22658,4546,2023-09-23
CNT-10530,BLOG,Campaign_Spring_Sale,91339-18703,6028,2023-03-05
CNT-10531,social media,Campaign_Q4_Holiday,147175-28703,8984,2024-05-18
CNT-10532,Video,Campaign_Q1_Launch,74564-17878,6482,2024-02-07
CNT-10533,Blog,Campaign_Summer_Boost,25574-5124,1678,2023-11-26
CNT-10534,BLOG,Campaign_Q1_Launch,37075-7780,1873,2023-06-21
CNT-10535,newsletter,Campaign_Q4_Holiday,78537-18518,4340,2023-07-11
CNT-10536,Video,Campaign_Q1_Launch,76933-14450,4194,2023-04-03
CNT-10537,Social Media,Campaign_Q1_Launch,65666-12827,3935,2023-07-20
CNT-10538,Newsletter,Campaign_Q1_Launch,34135-7958,2778,2024-01-08
CNT-10539,Video,Campaign_Spring_Sale,94390-17224,4800,2023-03-09
CNT-10540,newsletter,Campaign_Summer_Boost,139418-31803,12077,2024-04-16
CNT-10541,Video,Campaign_Q4_Holiday,86176-18307,7959,2024-03-26
CNT-10542,Newsletter,Campaign_Q4_Holiday,66181-14417,3206,2023-09-18
CNT-10543,Video,Campaign_Q4_Holiday,21616-4290,1177,2024-12-02
CNT-10544,VIDEO,Campaign_Spring_Sale,46580-9998,4283,2023-04-13
CNT-10545,Blog,Campaign_Summer_Boost,121659-25547,9549,2024-04-20
CNT-10546,newsletter,Campaign_Q4_Holiday,33671-7241,2060,2023-10-02
CNT-10547,Newsletter,Campaign_Q1_Launch,40279-8419,2879,2023-04-07
CNT-10548,newsletter,Campaign_Q4_Holiday,95327-19052,8249,2024-05-09
CNT-10549,newsletter,Campaign_Q1_Launch,48799-11373,4166,2024-07-22
CNT-10550,Video,Campaign_Summer_Boost,106752-25346,7003,2024-05-31
CNT-10551,Social Media,Campaign_Q4_Holiday,135703-29776,8356,2023-07-14
CNT-10552,Social Media,Campaign_Q1_Launch,107618-23478,8477,2023-07-06
CNT-10553,Blog,Campaign_Q4_Holiday,76792-15484,5040,2023-06-28
CNT-10554,newsletter,Campaign_Spring_Sale,64853-12509,4768,2024-12-18
CNT-10555,newsletter,Campaign_Q1_Launch,57836-12839,3386,2024-09-19
CNT-10556,social media,Campaign_Q4_Holiday,126067-24170,8498,2024-06-25
CNT-10557,Blog,Campaign_Q4_Holiday,90020-19086,5089,2024-11-24
CNT-10558,newsletter,Campaign_Spring_Sale,75953-15125,5894,2024-11-24
CNT-10559,BLOG,Campaign_Spring_Sale,77848-16828,5692,2024-07-20
CNT-10560,Newsletter,Campaign_Q4_Holiday,121236-23030,10197,2024-04-29
CNT-10561,social media,Campaign_Summer_Boost,74178-17048,7061,2023-01-04
CNT-10562,Newsletter,Campaign_Spring_Sale,29816-6891,2086,2023-07-19
CNT-10563,social media,Campaign_Summer_Boost,30492-5702,2125,2023-05-17
CNT-10564,VIDEO,Campaign_Summer_Boost,119427-26439,6976,2024-12-06
CNT-10565,BLOG,Campaign_Spring_Sale,123947-23885,5800,2024-06-24
CNT-10566,Newsletter,Campaign_Spring_Sale,71924-13787,4340,2023-10-18
CNT-10567,Blog,Campaign_Summer_Boost,110369-22270,8443,2024-10-30
CNT-10568,Blog,Campaign_Spring_Sale,86013-19978,8660,2023-03-28
CNT-10569,VIDEO,Campaign_Q1_Launch,137470-27545,11633,2023-09-29
CNT-10570,Blog,Campaign_Summer_Boost,140318-30658,7409,2023-03-24
CNT-10571,Blog,Campaign_Spring_Sale,93710-18996,6200,2024-01-11
CNT-10572,VIDEO,Campaign_Spring_Sale,44161-8274,3536,2023-10-07
CNT-10573,newsletter,Campaign_Spring_Sale,80975-17785,4838,2024-08-23
CNT-10574,newsletter,Campaign_Spring_Sale,81371-16799,4217,2023-08-08
CNT-10575,newsletter,Campaign_Summer_Boost,45999-9273,3834,2023-03-04
CNT-10576,newsletter,Campaign_Summer_Boost,46255-9050,4030,2024-10-28
CNT-10577,VIDEO,Campaign_Spring_Sale,87865-18346,6278,2024-12-04
CNT-10578,social media,Campaign_Q1_Launch,104025-24702,9959,2024-07-25
CNT-10579,Social Media,Campaign_Summer_Boost,100008-22442,10085,2023-01-27
CNT-10580,VIDEO,Campaign_Spring_Sale,80796-16504,4538,2023-09-02
CNT-10581,newsletter,Campaign_Q4_Holiday,59037-11719,4525,2024-10-12
CNT-10582,VIDEO,Campaign_Summer_Boost,123989-22416,6840,2024-08-27
CNT-10583,Newsletter,Campaign_Q1_Launch,21942-4446,1850,2024-10-03
CNT-10584,Newsletter,Campaign_Spring_Sale,131883-30964,10892,2023-05-31
CNT-10585,VIDEO,Campaign_Q4_Holiday,24692-5016,1014,2023-03-21
CNT-10586,Blog,Campaign_Q4_Holiday,36895-7415,1499,2023-04-21
CNT-10587,Social Media,Campaign_Summer_Boost,15583-2934,1313,2023-03-25
CNT-10588,Newsletter,Campaign_Q1_Launch,15431-3619,1412,2023-07-11
CNT-10589,newsletter,Campaign_Spring_Sale,123953-28180,12414,2024-06-07
CNT-10590,social media,Campaign_Spring_Sale,44575-10498,2257,2024-02-05
CNT-10591,VIDEO,Campaign_Summer_Boost,92426-17418,3643,2024-04-18
CNT-10592,Newsletter,Campaign_Q4_Holiday,133661-28110,7458,2023-02-03
CNT-10593,Video,Campaign_Q1_Launch,89951-16648,6817,2023-05-20
CNT-10594,Blog,Campaign_Q4_Holiday,18628-4070,1040,2024-05-15
CNT-10595,Social Media,Campaign_Spring_Sale,125923-23177,10312,2024-08-15
CNT-10596,BLOG,Campaign_Spring_Sale,99425-22310,8414,2024-09-06
CNT-10597,Blog,Campaign_Q4_Holiday,99847-21924,8207,2023-08-07
CNT-10598,newsletter,Campaign_Spring_Sale,75194-13664,3806,2024-05-04
CNT-10599,newsletter,Campaign_Spring_Sale,117223-24219,4939,2023-11-16
CNT-10600,VIDEO,Campaign_Q1_Launch,111723-24042,8446,2024-11-19
CNT-10601,VIDEO,Campaign_Summer_Boost,16164-3658,1479,2023-08-24
CNT-10602,Video,Campaign_Spring_Sale,104391-24885,7674,2023-01-27
CNT-10603,Social Media,Campaign_Summer_Boost,122430-26584,11722,2024-03-11
CNT-10604,Video,Campaign_Q4_Holiday,70437-14188,5237,2024-02-07
CNT-10605,Video,Campaign_Q4_Holiday,100630-23216,9270,2023-03-31
CNT-10606,Video,Campaign_Q1_Launch,146179-28864,8582,2024-11-10
CNT-10607,Social Media,Campaign_Q4_Holiday,96474-22218,6030,2023-04-17
CNT-10608,Video,Campaign_Spring_Sale,87724-17607,4812,2024-05-28
CNT-10609,BLOG,Campaign_Spring_Sale,99318-20292,5277,2023-06-11
CNT-10610,Blog,Campaign_Spring_Sale,138372-31323,12245,2024-08-27
CNT-10611,BLOG,Campaign_Q1_Launch,132247-29539,8989,2024-11-29
CNT-10612,BLOG,Campaign_Summer_Boost,135257-31618,10163,2023-09-16
CNT-10613,BLOG,Campaign_Spring_Sale,101575-18746,4548,2023-12-05
CNT-10614,Blog,Campaign_Q4_Holiday,135052-30736,12645,2023-02-22
CNT-10615,VIDEO,Campaign_Q4_Holiday,100097-22659,9358,2024-05-06
CNT-10616,Social Media,Campaign_Summer_Boost,127225-25402,6109,2024-10-01
CNT-10617,Newsletter,Campaign_Q4_Holiday,81793-18053,6249,2024-07-31
CNT-10618,Video,Campaign_Spring_Sale,30786-7056,2583,2023-12-14
CNT-10619,Blog,Campaign_Q1_Launch,129729-23358,7943,2023-04-02
CNT-10620,BLOG,Campaign_Q1_Launch,48791-9610,2918,2023-11-24
CNT-10621,newsletter,Campaign_Summer_Boost,73032-16814,5646,2023-03-12
CNT-10622,social media,Campaign_Q4_Holiday,113334-25197,7141,2024-09-21
CNT-10623,Blog,Campaign_Q4_Holiday,33434-6644,2529,2023-06-21
CNT-10624,Video,Campaign_Summer_Boost,30610-6448,1516,2024-02-12
CNT-10625,social media,Campaign_Spring_Sale,84064-19596,4292,2024-06-23
CNT-10626,newsletter,Campaign_Q4_Holiday,64507-13348,4409,2024-10-28
CNT-10627,Newsletter,Campaign_Summer_Boost,64438-14146,5274,2023-02-12
CNT-10628,Blog,Campaign_Q1_Launch,32290-6744,2705,2024-01-29
CNT-10629,Video,Campaign_Spring_Sale,68040-16270,6255,2024-11-24
CNT-10630,social media,Campaign_Q1_Launch,147278-33713,9202,2023-03-30
CNT-10631,Blog,Campaign_Spring_Sale,125005-27396,11403,2023-02-25
CNT-10632,Social Media,Campaign_Q1_Launch,67223-12451,3957,2024-07-20
CNT-10633,Video,Campaign_Spring_Sale,32514-5913,1537,2024-03-01
CNT-10634,newsletter,Campaign_Q4_Holiday,145723-34444,13632,2024-04-10
CNT-10635,social media,Campaign_Q4_Holiday,104671-23646,7425,2023-11-15
CNT-10636,BLOG,Campaign_Summer_Boost,93327-18651,7859,2023-08-02
CNT-10637,Blog,Campaign_Q1_Launch,101723-23228,8686,2023-07-26
CNT-10638,BLOG,Campaign_Q1_Launch,43279-10131,2380,2024-10-01
CNT-10639,social media,Campaign_Summer_Boost,112377-21612,8766,2024-07-04
CNT-10640,Social Media,Campaign_Spring_Sale,80402-15382,6714,2023-03-26
CNT-10641,social media,Campaign_Summer_Boost,33306-6617,2406,2023-11-19
CNT-10642,BLOG,Campaign_Q1_Launch,136768-24805,7295,2023-01-18
CNT-10643,Newsletter,Campaign_Spring_Sale,125778-22747,7051,2023-04-19
CNT-10644,BLOG,Campaign_Q1_Launch,92844-18414,6016,2024-03-23
CNT-10645,Social Media,Campaign_Q1_Launch,125117-29721,10123,2023-09-08
CNT-10646,Blog,Campaign_Spring_Sale,133794-29680,12133,2024-08-15
CNT-10647,newsletter,Campaign_Spring_Sale,29295-5579,1508,2024-03-23
CNT-10648,BLOG,Campaign_Q4_Holiday,59269-11894,4361,2023-06-11
CNT-10649,social media,Campaign_Summer_Boost,147971-32139,10075,2023-04-25
CNT-10650,Social Media,Campaign_Summer_Boost,62379-13238,4404,2024-07-26
CNT-10651,VIDEO,Campaign_Summer_Boost,108909-25822,7643,2023-12-08
CNT-10652,VIDEO,Campaign_Summer_Boost,97199-22372,6675,2023-10-28
CNT-10653,Blog,Campaign_Q4_Holiday,80908-18289,4317,2024-08-21
CNT-10654,Video,Campaign_Q1_Launch,82587-15225,4454,2023-11-07
CNT-10655,Social Media,Campaign_Q4_Holiday,144896-30761,8691,2024-05-20
CNT-10656,Video,Campaign_Q1_Launch,146624-31564,12326,2024-09-05
CNT-10657,BLOG,Campaign_Q1_Launch,47750-11154,3070,2024-04-07
CNT-10658,Video,Campaign_Spring_Sale,126022-26389,10283,2023-12-18
CNT-10659,Video,Campaign_Spring_Sale,146991-32611,6989,2024-12-08
CNT-10660,Blog,Campaign_Q1_Launch,135960-28417,10735,2024-10-12
CNT-10661,newsletter,Campaign_Spring_Sale,85739-19039,5822,2024-11-20
CNT-10662,social media,Campaign_Q1_Launch,123424-22940,8393,2023-01-13
CNT-10663,newsletter,Campaign_Spring_Sale,38016-7721,2061,2024-05-07
CNT-10664,BLOG,Campaign_Spring_Sale,142872-28677,10378,2024-05-29
CNT-10665,social media,Campaign_Spring_Sale,119756-25076,10651,2023-12-13
CNT-10666,VIDEO,Campaign_Summer_Boost,28691-5892,2481,2024-06-17
CNT-10667,VIDEO,Campaign_Summer_Boost,108997-24476,5567,2023-11-29
CNT-10668,BLOG,Campaign_Q4_Holiday,124156-22951,7007,2024-07-27
CNT-10669,Blog,Campaign_Q1_Launch,77787-15964,6171,2024-02-02
CNT-10670,Blog,Campaign_Q4_Holiday,18709-3751,1577,2023-11-18
CNT-10671,VIDEO,Campaign_Q4_Holiday,45557-10560,2301,2023-08-01
CNT-10672,BLOG,Campaign_Q4_Holiday,64251-12287,3258,2024-01-16
CNT-10673,VIDEO,Campaign_Spring_Sale,112830-22982,6918,2024-08-30
CNT-10674,Social Media,Campaign_Q1_Launch,53095-11599,3565,2024-08-04
CNT-10675,newsletter,Campaign_Summer_Boost,116668-25058,8478,2024-06-22
CNT-10676,newsletter,Campaign_Q4_Holiday,66956-12394,3795,2023-08-18
CNT-10677,Video,Campaign_Summer_Boost,57476-12051,2563,2024-12-26
CNT-10678,social media,Campaign_Q4_Holiday,63025-12026,3450,2024-07-30
CNT-10679,VIDEO,Campaign_Q4_Holiday,80651-15161,3048,2023-05-04
CNT-10680,Social Media,Campaign_Q4_Holiday,88811-18146,7787,2023-01-11
CNT-10681,VIDEO,Campaign_Q4_Holiday,117354-22558,5120,2024-09-12
CNT-10682,VIDEO,Campaign_Q4_Holiday,78888-16408,6079,2023-01-18
CNT-10683,BLOG,Campaign_Summer_Boost,74302-16995,3417,2023-06-03
CNT-10684,Social Media,Campaign_Spring_Sale,18164-3719,1067,2024-04-26
CNT-10685,social media,Campaign_Summer_Boost,143537-29753,8863,2023-10-24
CNT-10686,Social Media,Campaign_Summer_Boost,32008-5765,1582,2023-01-09
CNT-10687,Video,Campaign_Spring_Sale,56771-11815,2417,2023-05-11
CNT-10688,Blog,Campaign_Spring_Sale,131520-26077,9744,2024-01-26
CNT-10689,social media,Campaign_Summer_Boost,48377-10691,2750,2023-12-16
CNT-10690,Newsletter,Campaign_Q1_Launch,45391-9686,3609,2023-06-04
CNT-10691,Video,Campaign_Spring_Sale,15866-3509,1078,2024-11-19
CNT-10692,BLOG,Campaign_Q4_Holiday,51369-11284,3842,2023-07-24
CNT-10693,VIDEO,Campaign_Q1_Launch,39611-8688,2092,2023-03-22
CNT-10694,newsletter,Campaign_Q4_Holiday,22869-5227,1318,2024-02-05
CNT-10695,Newsletter,Campaign_Q4_Holiday,118086-22874,8297,2024-09-23
CNT-10696,Blog,Campaign_Q4_Holiday,60924-12820,4647,2023-06-12
CNT-10697,Newsletter,Campaign_Summer_Boost,88369-17689,4389,2024-12-01
CNT-10698,newsletter,Campaign_Q1_Launch,60359-13283,4653,2023-02-01
CNT-10699,social media,Campaign_Q4_Holiday,109693-21184,7588,2023-07-22
CNT-10700,VIDEO,Campaign_Spring_Sale,55711-12402,4773,2023-05-10
CNT-10701,newsletter,Campaign_Summer_Boost,123672-25612,5750,2024-10-08
CNT-10702,BLOG,Campaign_Q1_Launch,80411-14736,4431,2024-04-10
CNT-10703,Video,Campaign_Q4_Holiday,32579-6110,2532,2024-02-12
CNT-10704,BLOG,Campaign_Spring_Sale,89459-20660,7347,2024-07-08
CNT-10705,VIDEO,Campaign_Summer_Boost,56936-12979,4540,2024-06-01
CNT-10706,social media,Campaign_Spring_Sale,16042-3760,821,2023-05-04
CNT-10707,Blog,Campaign_Q4_Holiday,130793-27440,7328,2023-04-02
CNT-10708,social media,Campaign_Q4_Holiday,37255-7618,2194,2024-02-28
CNT-10709,BLOG,Campaign_Spring_Sale,148206-34699,8384,2023-05-18
CNT-10710,Newsletter,Campaign_Q1_Launch,100928-22142,8349,2024-07-31
CNT-10711,Video,Campaign_Spring_Sale,94933-20288,5394,2023-10-31
CNT-10712,social media,Campaign_Summer_Boost,98844-20508,8375,2024-02-24
CNT-10713,Newsletter,Campaign_Q1_Launch,77315-18177,6071,2024-03-23
CNT-10714,BLOG,Campaign_Summer_Boost,19313-4376,1921,2023-02-04
CNT-10715,VIDEO,Campaign_Summer_Boost,105879-23633,9127,2024-06-11
CNT-10716,social media,Campaign_Spring_Sale,69601-14884,5399,2024-01-09
CNT-10717,social media,Campaign_Q4_Holiday,19001-4473,1542,2023-10-19
CNT-10718,VIDEO,Campaign_Spring_Sale,135500-24639,7286,2024-07-29
CNT-10719,BLOG,Campaign_Spring_Sale,122416-22287,7416,2024-07-01
CNT-10720,Video,Campaign_Q4_Holiday,50602-9110,2140,2023-08-17
CNT-10721,social media,Campaign_Q1_Launch,32482-6154,2397,2024-08-14
CNT-10722,Newsletter,Campaign_Q4_Holiday,139973-28794,7341,2023-06-17
CNT-10723,Video,Campaign_Spring_Sale,131339-25402,9997,2024-05-30
CNT-10724,social media,Campaign_Q4_Holiday,109790-22532,4511,2024-10-17
CNT-10725,VIDEO,Campaign_Q1_Launch,106096-21679,8981,2024-05-17
CNT-10726,Blog,Campaign_Spring_Sale,121964-25532,5323,2023-09-24
CNT-10727,Newsletter,Campaign_Q4_Holiday,67750-14638,3205,2023-09-15
CNT-10728,Video,Campaign_Summer_Boost,85922-20558,8707,2024-10-31
CNT-10729,newsletter,Campaign_Spring_Sale,28127-6337,2087,2024-05-29
CNT-10730,Newsletter,Campaign_Q1_Launch,30239-6984,1973,2023-04-07
CNT-10731,Social Media,Campaign_Spring_Sale,125735-28962,8830,2023-11-20
CNT-10732,Blog,Campaign_Q4_Holiday,148271-34647,12875,2024-07-31
CNT-10733,BLOG,Campaign_Q1_Launch,95178-17212,3832,2023-10-28
CNT-10734,Newsletter,Campaign_Q1_Launch,97702-21152,6699,2023-01-14
CNT-10735,Video,Campaign_Q1_Launch,33439-7857,2890,2023-02-05
CNT-10736,newsletter,Campaign_Spring_Sale,147767-34916,9232,2024-03-27
CNT-10737,social media,Campaign_Summer_Boost,145061-28574,11747,2024-08-09
CNT-10738,social media,Campaign_Q1_Launch,87428-16285,3693,2024-06-27
CNT-10739,BLOG,Campaign_Q4_Holiday,145498-26780,6822,2023-04-22
CNT-10740,social media,Campaign_Q1_Launch,106790-21104,9140,2024-07-08
CNT-10741,Blog,Campaign_Spring_Sale,108968-23734,5361,2024-08-19
CNT-10742,Video,Campaign_Spring_Sale,107634-23256,9650,2023-01-15
CNT-10743,Blog,Campaign_Spring_Sale,89104-16375,4017,2024-08-01
CNT-10744,newsletter,Campaign_Q1_Launch,74839-16885,3965,2024-07-25
CNT-10745,newsletter,Campaign_Q4_Holiday,137751-28011,8614,2024-10-09
CNT-10746,Newsletter,Campaign_Spring_Sale,98933-23128,9468,2023-07-26
CNT-10747,Blog,Campaign_Q1_Launch,70693-15117,6115,2024-04-26
CNT-10748,social media,Campaign_Q4_Holiday,90175-17801,6674,2023-07-19
CNT-10749,Video,Campaign_Q1_Launch,148833-28545,7413,2024-12-08
CNT-10750,social media,Campaign_Q4_Holiday,17234-3288,1275,2023-09-06
CNT-10751,Social Media,Campaign_Q1_Launch,138711-25986,11261,2024-07-26
CNT-10752,VIDEO,Campaign_Summer_Boost,45728-8841,3591,2023-04-18
CNT-10753,VIDEO,Campaign_Q4_Holiday,148524-30432,8681,2024-04-04
CNT-10754,Newsletter,Campaign_Q4_Holiday,144313-26595,6227,2024-12-22
CNT-10755,Social Media,Campaign_Q1_Launch,74682-13707,3276,2024-03-30
CNT-10756,BLOG,Campaign_Q4_Holiday,85730-15603,5084,2023-07-10
CNT-10757,social media,Campaign_Q1_Launch,69844-14322,4218,2024-05-15
CNT-10758,newsletter,Campaign_Q1_Launch,59498-11660,4072,2024-11-09
CNT-10759,Social Media,Campaign_Q4_Holiday,99837-20016,8408,2023-03-07
CNT-10760,social media,Campaign_Q4_Holiday,88873-19069,5788,2023-09-22
CNT-10761,BLOG,Campaign_Q1_Launch,96048-19111,5984,2023-07-01
CNT-10762,BLOG,Campaign_Q4_Holiday,93760-22348,6129,2024-06-14
CNT-10763,Social Media,Campaign_Summer_Boost,51568-11510,4185,2024-09-10
CNT-10764,Video,Campaign_Q1_Launch,110761-26238,10245,2023-04-16
CNT-10765,VIDEO,Campaign_Summer_Boost,128450-26792,7030,2023-08-26
CNT-10766,BLOG,Campaign_Q1_Launch,98824-20515,5574,2024-03-06
CNT-10767,newsletter,Campaign_Q1_Launch,111539-20480,6214,2024-06-28
CNT-10768,Video,Campaign_Spring_Sale,147121-32971,14775,2024-08-19
CNT-10769,social media,Campaign_Summer_Boost,128748-25674,5523,2024-05-11
CNT-10770,BLOG,Campaign_Q4_Holiday,28532-5561,1981,2023-12-19
CNT-10771,Newsletter,Campaign_Spring_Sale,78188-18080,7129,2024-08-14
CNT-10772,Social Media,Campaign_Spring_Sale,93814-20397,8595,2023-05-22
CNT-10773,Blog,Campaign_Summer_Boost,133507-24460,5363,2023-12-12
CNT-10774,newsletter,Campaign_Spring_Sale,120494-23079,7754,2024-10-17
CNT-10775,social media,Campaign_Spring_Sale,85606-20521,7895,2023-05-29
CNT-10776,newsletter,Campaign_Q1_Launch,113968-21267,7046,2024-11-18
CNT-10777,Newsletter,Campaign_Spring_Sale,149020-34953,10292,2024-04-18
CNT-10778,Blog,Campaign_Q4_Holiday,124567-27828,6816,2023-08-09
CNT-10779,newsletter,Campaign_Q1_Launch,69818-15434,4416,2023-10-13
CNT-10780,newsletter,Campaign_Q4_Holiday,63606-13026,2917,2023-07-13
CNT-10781,VIDEO,Campaign_Spring_Sale,61885-13827,6054,2023-04-03
CNT-10782,Social Media,Campaign_Spring_Sale,51568-10861,4065,2024-02-06
CNT-10783,Social Media,Campaign_Summer_Boost,78085-17265,4535,2023-04-08
CNT-10784,BLOG,Campaign_Summer_Boost,104581-21134,4567,2024-07-06
CNT-10785,Social Media,Campaign_Summer_Boost,77661-14377,5627,2023-02-22
CNT-10786,social media,Campaign_Summer_Boost,120470-23308,5844,2023-06-12
CNT-10787,Social Media,Campaign_Q4_Holiday,139477-26702,9797,2024-09-19
CNT-10788,Video,Campaign_Summer_Boost,132119-28375,11030,2024-01-25
CNT-10789,BLOG,Campaign_Q4_Holiday,41283-8487,3380,2024-08-21
CNT-10790,Newsletter,Campaign_Spring_Sale,39216-7516,2967,2024-01-11
CNT-10791,Video,Campaign_Q4_Holiday,60251-13919,4202,2024-07-03
CNT-10792,BLOG,Campaign_Q4_Holiday,91591-21764,5497,2024-03-24
CNT-10793,Newsletter,Campaign_Q1_Launch,60832-11719,4033,2024-01-06
CNT-10794,newsletter,Campaign_Spring_Sale,90885-18513,8020,2024-11-11
CNT-10795,social media,Campaign_Q4_Holiday,69876-12904,3233,2023-01-17
CNT-10796,Blog,Campaign_Q4_Holiday,25978-4836,1157,2024-02-08
CNT-10797,Social Media,Campaign_Q1_Launch,76765-18168,6817,2024-02-19
CNT-10798,Blog,Campaign_Q1_Launch,89444-20301,7447,2023-10-16
CNT-10799,VIDEO,Campaign_Q1_Launch,128536-29360,7630,2024-10-29
CNT-10800,social media,Campaign_Q1_Launch,74962-17733,3817,2024-12-07
CNT-10801,VIDEO,Campaign_Q4_Holiday,123016-23876,7015,2023-07-03
CNT-10802,Social Media,Campaign_Summer_Boost,110114-25351,7009,2023-10-25
CNT-10803,Video,Campaign_Summer_Boost,133938-29053,12539,2024-01-23
CNT-10804,Social Media,Campaign_Spring_Sale,107273-19797,8104,2024-10-11
CNT-10805,Video,Campaign_Summer_Boost,126932-23455,6934,2024-02-29
CNT-10806,Video,Campaign_Q1_Launch,62882-14587,6166,2023-10-31
CNT-10807,Newsletter,Campaign_Q1_Launch,42237-8723,3080,2023-12-10
CNT-10808,social media,Campaign_Q1_Launch,114545-26743,6245,2023-11-16
CNT-10809,Blog,Campaign_Q1_Launch,21266-4359,1554,2024-07-12
CNT-10810,Blog,Campaign_Summer_Boost,138375-32160,8207,2023-06-01
CNT-10811,VIDEO,Campaign_Q4_Holiday,106526-19532,4774,2024-11-30
CNT-10812,Blog,Campaign_Spring_Sale,70432-15949,5471,2023-12-21
CNT-10813,Blog,Campaign_Summer_Boost,18666-3876,1550,2024-10-19
CNT-10814,Video,Campaign_Q4_Holiday,59967-13012,3821,2023-06-22
CNT-10815,social media,Campaign_Q1_Launch,105716-23080,8937,2024-03-11
CNT-10816,Newsletter,Campaign_Q4_Holiday,39716-7750,2208,2023-08-16
CNT-10817,social media,Campaign_Q1_Launch,145971-32965,8692,2024-08-11
CNT-10818,BLOG,Campaign_Summer_Boost,81969-18371,3977,2024-07-30
CNT-10819,Social Media,Campaign_Summer_Boost,61602-11667,4727,2023-07-04
CNT-10820,VIDEO,Campaign_Summer_Boost,62447-11418,3957,2024-11-27
CNT-10821,BLOG,Campaign_Spring_Sale,44009-10152,4245,2024-07-14
CNT-10822,Video,Campaign_Q1_Launch,56398-11562,3555,2023-12-09
CNT-10823,Video,Campaign_Summer_Boost,29954-6249,1605,2024-12-30
CNT-10824,Social Media,Campaign_Summer_Boost,31608-6128,2146,2023-09-02
CNT-10825,Video,Campaign_Spring_Sale,59240-11961,4610,2023-06-22
CNT-10826,newsletter,Campaign_Summer_Boost,119184-27274,10830,2023-09-03
CNT-10827,social media,Campaign_Summer_Boost,92512-16914,7241,2024-11-26
CNT-10828,social media,Campaign_Q4_Holiday,118018-23755,6001,2024-08-21
CNT-10829,Blog,Campaign_Spring_Sale,108418-24311,4978,2023-08-19
CNT-10830,Video,Campaign_Q4_Holiday,81757-18744,5095,2024-02-26
CNT-10831,social media,Campaign_Spring_Sale,27270-5751,2317,2023-12-07
CNT-10832,Video,Campaign_Summer_Boost,148996-34462,12585,2023-12-09
CNT-10833,Video,Campaign_Summer_Boost,45911-9798,4191,2024-04-22
CNT-10834,newsletter,Campaign_Spring_Sale,42465-7794,1660,2023-09-17
CNT-10835,Blog,Campaign_Summer_Boost,138344-29653,7646,2023-04-20
CNT-10836,VIDEO,Campaign_Q4_Holiday,47735-9979,2623,2023-01-11
CNT-10837,Video,Campaign_Spring_Sale,82161-16546,5492,2024-05-31
CNT-10838,Blog,Campaign_Q4_Holiday,101390-22351,7190,2023-08-02
CNT-10839,newsletter,Campaign_Summer_Boost,87911-18982,5717,2023-01-06
CNT-10840,newsletter,Campaign_Spring_Sale,72441-14750,5640,2023-10-27
CNT-10841,newsletter,Campaign_Summer_Boost,42141-7959,2702,2024-07-10
CNT-10842,Video,Campaign_Spring_Sale,129388-27301,6898,2024-10-16
CNT-10843,Social Media,Campaign_Summer_Boost,49801-11326,4186,2024-08-22
CNT-10844,Blog,Campaign_Q1_Launch,95251-18379,4811,2024-01-09
CNT-10845,VIDEO,Campaign_Q4_Holiday,19774-3721,1309,2024-12-26
CNT-10846,BLOG,Campaign_Q4_Holiday,130646-26443,9849,2024-03-16
CNT-10847,Newsletter,Campaign_Summer_Boost,28453-5492,2115,2024-03-13
CNT-10848,social media,Campaign_Q4_Holiday,138176-29209,9200,2023-06-03
CNT-10849,Blog,Campaign_Q1_Launch,80141-16052,5166,2023-10-02
CNT-10850,Social Media,Campaign_Spring_Sale,72727-13140,5769,2024-01-02
CNT-10851,social media,Campaign_Summer_Boost,50559-11346,4772,2024-02-11
CNT-10852,Video,Campaign_Summer_Boost,64337-12278,4928,2024-04-24
CNT-10853,social media,Campaign_Summer_Boost,22915-4252,1120,2024-09-08
CNT-10854,newsletter,Campaign_Summer_Boost,134353-32069,8597,2024-05-16
CNT-10855,social media,Campaign_Q4_Holiday,136428-24859,9700,2024-09-22
CNT-10856,Video,Campaign_Q4_Holiday,135277-28684,10062,2024-01-09
CNT-10857,Newsletter,Campaign_Summer_Boost,140639-33296,8598,2024-01-30
CNT-10858,VIDEO,Campaign_Q1_Launch,67578-15299,4019,2023-12-18
CNT-10859,newsletter,Campaign_Spring_Sale,120241-25549,10532,2024-08-17
CNT-10860,VIDEO,Campaign_Q1_Launch,20289-4009,911,2024-11-21
CNT-10861,newsletter,Campaign_Summer_Boost,127542-27739,7475,2023-08-08
CNT-10862,Video,Campaign_Q4_Holiday,57348-13092,5557,2024-05-29
CNT-10863,newsletter,Campaign_Q4_Holiday,32918-7263,2223,2024-08-13
CNT-10864,VIDEO,Campaign_Q4_Holiday,98958-20818,5105,2024-02-25
CNT-10865,social media,Campaign_Summer_Boost,33387-6247,1661,2023-12-06
CNT-10866,newsletter,Campaign_Q4_Holiday,132769-31331,7130,2023-05-29
CNT-10867,Newsletter,Campaign_Summer_Boost,140058-31044,10471,2023-03-10
CNT-10868,Social Media,Campaign_Q1_Launch,58580-13530,5270,2024-09-30
CNT-10869,BLOG,Campaign_Spring_Sale,82699-17751,6540,2023-03-07
CNT-10870,Newsletter,Campaign_Q1_Launch,91599-17036,6370,2024-11-24
CNT-10871,BLOG,Campaign_Summer_Boost,65672-13653,3505,2024-12-24
CNT-10872,Blog,Campaign_Spring_Sale,134467-31458,7889,2024-06-26
CNT-10873,BLOG,Campaign_Summer_Boost,120790-28779,5912,2023-05-07
CNT-10874,Newsletter,Campaign_Summer_Boost,81917-17435,7505,2023-04-08
CNT-10875,Blog,Campaign_Summer_Boost,15594-2811,1086,2023-10-06
CNT-10876,Video,Campaign_Q4_Holiday,111886-22893,5431,2023-05-06
CNT-10877,Video,Campaign_Q4_Holiday,96880-23070,4846,2024-09-13
CNT-10878,newsletter,Campaign_Spring_Sale,122773-25959,6238,2024-07-29
CNT-10879,BLOG,Campaign_Summer_Boost,55335-11465,2883,2023-10-01
CNT-10880,Blog,Campaign_Q4_Holiday,54112-12649,3715,2024-10-19
CNT-10881,newsletter,Campaign_Spring_Sale,122753-25099,10190,2023-11-26
CNT-10882,Blog,Campaign_Q4_Holiday,111003-23368,9556,2024-07-27
CNT-10883,social media,Campaign_Q4_Holiday,32544-7635,3129,2023-11-27
CNT-10884,social media,Campaign_Spring_Sale,107957-23626,8210,2024-03-16
CNT-10885,newsletter,Campaign_Q4_Holiday,46554-9939,2472,2024-02-15
CNT-10886,Video,Campaign_Q1_Launch,139640-27560,7058,2023-01-21
CNT-10887,Blog,Campaign_Q1_Launch,56367-11330,4968,2023-03-02
CNT-10888,Video,Campaign_Summer_Boost,46697-8968,2016,2024-11-29
CNT-10889,Newsletter,Campaign_Q4_Holiday,136857-27525,8810,2023-01-01
CNT-10890,newsletter,Campaign_Q1_Launch,55828-13001,4471,2024-12-24
CNT-10891,newsletter,Campaign_Q1_Launch,130101-26774,10316,2023-11-30
CNT-10892,Video,Campaign_Q4_Holiday,92497-17639,6598,2023-06-11
CNT-10893,Video,Campaign_Summer_Boost,70223-14796,5286,2024-05-13
CNT-10894,Newsletter,Campaign_Q4_Holiday,119238-22432,9335,2024-03-24
CNT-10895,Video,Campaign_Spring_Sale,106158-21095,9233,2024-02-10
CNT-10896,social media,Campaign_Q1_Launch,98510-20747,9313,2023-10-07
CNT-10897,newsletter,Campaign_Spring_Sale,102939-21114,8583,2024-01-29
CNT-10898,newsletter,Campaign_Spring_Sale,26744-5908,1825,2023-01-22
CNT-10899,Newsletter,Campaign_Q1_Launch,98957-22028,8276,2023-02-03
CNT-10900,Social Media,Campaign_Q4_Holiday,31952-6206,1286,2024-09-30
CNT-10901,newsletter,Campaign_Spring_Sale,39535-9168,2188,2024-11-19
CNT-10902,Video,Campaign_Q4_Holiday,115631-23859,7193,2023-11-27
CNT-10903,Blog,Campaign_Q1_Launch,100019-19409,6962,2023-10-12
CNT-10904,Social Media,Campaign_Q1_Launch,122970-29349,7906,2023-12-09
CNT-10905,social media,Campaign_Spring_Sale,146223-32859,14075,2024-04-22
CNT-10906,Video,Campaign_Summer_Boost,32768-6369,2813,2023-02-02
CNT-10907,BLOG,Campaign_Q4_Holiday,73812-14113,3611,2024-03-30
CNT-10908,Newsletter,Campaign_Summer_Boost,108558-21704,6360,2024-02-23
CNT-10909,VIDEO,Campaign_Summer_Boost,46232-8405,1704,2023-12-23
CNT-10910,BLOG,Campaign_Q4_Holiday,17201-3472,1525,2024-09-29
CNT-10911,BLOG,Campaign_Q1_Launch,119458-25312,10691,2023-10-01
CNT-10912,Blog,Campaign_Q1_Launch,48215-10913,3120,2024-11-20
CNT-10913,Newsletter,Campaign_Spring_Sale,98352-21015,7337,2024-02-13
CNT-10914,social media,Campaign_Summer_Boost,127954-23223,6867,2023-07-11
CNT-10915,BLOG,Campaign_Summer_Boost,31491-6360,2039,2024-08-24
CNT-10916,newsletter,Campaign_Summer_Boost,34806-8073,2019,2024-06-17
CNT-10917,Blog,Campaign_Summer_Boost,72115-13270,5902,2024-04-10
CNT-10918,social media,Campaign_Summer_Boost,80844-18467,5236,2024-10-23
CNT-10919,Video,Campaign_Q1_Launch,144109-29598,7099,2023-07-22
CNT-10920,Blog,Campaign_Q4_Holiday,38377-7821,2900,2023-03-20
CNT-10921,BLOG,Campaign_Spring_Sale,128123-28981,7594,2023-05-25
CNT-10922,Social Media,Campaign_Summer_Boost,132873-24229,8943,2023-04-08
CNT-10923,Video,Campaign_Q1_Launch,85719-18145,4119,2024-08-19
CNT-10924,newsletter,Campaign_Q1_Launch,86426-15782,6470,2024-09-07
CNT-10925,Blog,Campaign_Spring_Sale,132292-29909,13073,2024-07-21
CNT-10926,VIDEO,Campaign_Spring_Sale,120342-25382,8170,2024-09-07
CNT-10927,social media,Campaign_Q1_Launch,18723-3955,808,2024-06-11
CNT-10928,Video,Campaign_Summer_Boost,148134-27035,6223,2023-01-17
CNT-10929,social media,Campaign_Spring_Sale,89087-19843,4093,2023-02-04
CNT-10930,VIDEO,Campaign_Q1_Launch,103893-21048,9202,2023-08-15
CNT-10931,BLOG,Campaign_Q4_Holiday,24971-5445,2397,2023-08-30
CNT-10932,VIDEO,Campaign_Q1_Launch,122723-27256,9324,2024-03-04
CNT-10933,Video,Campaign_Spring_Sale,34683-6577,2887,2023-10-25
CNT-10934,Newsletter,Campaign_Q4_Holiday,125631-28461,6718,2023-04-28
CNT-10935,Social Media,Campaign_Summer_Boost,64845-13214,3167,2024-04-13
CNT-10936,Blog,Campaign_Summer_Boost,99156-21410,8816,2024-02-03
CNT-10937,Video,Campaign_Spring_Sale,15127-2944,646,2023-09-23
CNT-10938,Newsletter,Campaign_Summer_Boost,124380-29617,8544,2023-05-03
CNT-10939,Newsletter,Campaign_Q4_Holiday,107909-22602,9383,2024-06-08
CNT-10940,VIDEO,Campaign_Spring_Sale,20950-4129,1419,2023-12-20
CNT-10941,Video,Campaign_Summer_Boost,76635-18057,6183,2024-02-10
CNT-10942,Blog,Campaign_Q1_Launch,119316-23414,4913,2024-01-30
CNT-10943,Social Media,Campaign_Summer_Boost,64815-14755,3431,2023-05-11
CNT-10944,social media,Campaign_Q1_Launch,138670-33248,14905,2024-07-19
CNT-10945,newsletter,Campaign_Q4_Holiday,81761-15178,3742,2023-04-12
CNT-10946,social media,Campaign_Summer_Boost,110168-23069,6462,2024-02-11
CNT-10947,VIDEO,Campaign_Q1_Launch,99649-23050,5762,2023-09-09
CNT-10948,Blog,Campaign_Q1_Launch,72474-14649,5249,2023-10-13
CNT-10949,Social Media,Campaign_Q4_Holiday,149993-31772,10839,2024-06-06
CNT-10950,VIDEO,Campaign_Spring_Sale,18978-3909,1156,2024-01-26
CNT-10951,social media,Campaign_Spring_Sale,112112-24648,8613,2023-05-26
CNT-10952,newsletter,Campaign_Q4_Holiday,57790-10883,3303,2023-08-30
CNT-10953,VIDEO,Campaign_Spring_Sale,138210-27701,11812,2023-05-06
CNT-10954,social media,Campaign_Summer_Boost,103923-22664,7197,2024-07-28
CNT-10955,Video,Campaign_Spring_Sale,50180-11724,2396,2024-04-10
CNT-10956,newsletter,Campaign_Q1_Launch,22008-4516,1539,2024-01-07
CNT-10957,Video,Campaign_Spring_Sale,116338-25551,8760,2023-10-01
CNT-10958,newsletter,Campaign_Spring_Sale,110618-24337,6556,2024-10-19
CNT-10959,Blog,Campaign_Spring_Sale,34195-6217,1580,2023-09-02
CNT-10960,VIDEO,Campaign_Q4_Holiday,126922-30204,12510,2024-10-14
CNT-10961,Video,Campaign_Q4_Holiday,125632-27436,12069,2023-09-21
CNT-10962,newsletter,Campaign_Q4_Holiday,50584-11384,4304,2023-04-10
CNT-10963,VIDEO,Campaign_Q1_Launch,92404-16641,4286,2023-09-14
CNT-10964,social media,Campaign_Q4_Holiday,60460-12313,4901,2024-10-19
CNT-10965,newsletter,Campaign_Q4_Holiday,139696-31732,12319,2024-10-21
CNT-10966,social media,Campaign_Spring_Sale,89056-16791,4720,2024-08-28
CNT-10967,social media,Campaign_Spring_Sale,50109-9812,2845,2024-05-19
CNT-10968,newsletter,Campaign_Q4_Holiday,62568-12974,3412,2024-04-01
CNT-10969,BLOG,Campaign_Q1_Launch,58215-13954,5087,2024-06-17
CNT-10970,BLOG,Campaign_Spring_Sale,39440-7335,3164,2024-06-22
CNT-10971,Blog,Campaign_Q4_Holiday,24134-4673,1376,2024-06-27
CNT-10972,social media,Campaign_Q4_Holiday,143237-30440,9934,2023-11-01
CNT-10973,Social Media,Campaign_Q1_Launch,89805-18654,7928,2024-10-02
CNT-10974,social media,Campaign_Summer_Boost,146850-33407,9279,2024-05-01
CNT-10975,Video,Campaign_Q4_Holiday,79078-17472,4270,2023-12-15
CNT-10976,social media,Campaign_Spring_Sale,29305-5539,2455,2023-11-21
CNT-10977,Blog,Campaign_Q4_Holiday,36289-8387,3171,2024-12-21
CNT-10978,newsletter,Campaign_Summer_Boost,122874-27618,8596,2024-04-08
CNT-10979,VIDEO,Campaign_Q4_Holiday,71426-15931,6158,2023-03-22
CNT-10980,social media,Campaign_Summer_Boost,91172-20679,5831,2024-08-22
CNT-10981,Social Media,Campaign_Q1_Launch,45085-10042,2850,2024-03-24
CNT-10982,Social Media,Campaign_Spring_Sale,102081-24261,5165,2024-09-25
CNT-10983,Blog,Campaign_Q4_Holiday,71036-14893,5104,2023-05-21
CNT-10984,Newsletter,Campaign_Spring_Sale,147430-34633,11977,2023-12-28
CNT-10985,Blog,Campaign_Q4_Holiday,136835-29311,11050,2024-07-21
CNT-10986,Social Media,Campaign_Spring_Sale,20328-3712,1408,2023-05-07
CNT-10987,Video,Campaign_Q1_Launch,40537-9102,2225,2024-02-22
CNT-10988,Newsletter,Campaign_Q1_Launch,118576-22639,5013,2024-05-15
CNT-10989,BLOG,Campaign_Summer_Boost,43227-8437,2916,2023-02-13
CNT-10990,Newsletter,Campaign_Q4_Holiday,40730-8877,3516,2023-01-15
CNT-10991,Video,Campaign_Q1_Launch,84512-18412,5307,2024-12-12
CNT-10992,newsletter,Campaign_Spring_Sale,86538-16390,3992,2024-11-20
CNT-10993,Blog,Campaign_Q4_Holiday,126028-25328,9239,2024-09-26
CNT-10994,Blog,Campaign_Spring_Sale,26763-6342,1815,2024-04-12
CNT-10995,VIDEO,Campaign_Q4_Holiday,55707-12510,2701,2024-10-30
CNT-10996,social media,Campaign_Summer_Boost,68915-15542,4021,2023-08-26
CNT-10997,Newsletter,Campaign_Q4_Holiday,112816-24879,9204,2024-05-24
CNT-10998,newsletter,Campaign_Spring_Sale,80717-18903,7499,2023-05-14
CNT-10999,Newsletter,Campaign_Summer_Boost,141381-28185,7094,2023-03-13
CNT-11000,Video,Campaign_Summer_Boost,129715-28012,7400,2024-04-26
